char_count,word_count,avg_word_length,ttr,lex_density_proxy,flesch_ease,flesch_grade,gunning_fog
168,27,6.222222222222222,0.8333333333333334,0.26666666666666666,32.163333333333355,15.480740740740742,18.20740740740741
126,22,5.7272727272727275,0.8928571428571429,0.25,34.532272727272726,13.90818181818182,17.89090909090909
157,25,6.28,0.9259259259259259,0.25925925925925924,46.10000000000002,13.040000000000003,19.6
195,31,6.290322580645161,0.8571428571428571,0.2857142857142857,36.189354838709676,15.912903225806453,16.270967741935486
90,16,5.625,0.8947368421052632,0.21052631578947367,68.9825,7.612500000000001,6.4
81,14,5.785714285714286,0.9375,0.1875,53.639285714285734,9.255714285714287,14.171428571428573
129,23,5.608695652173913,0.8846153846153846,0.19230769230769232,43.716086956521764,12.875652173913043,14.417391304347825
81,12,6.75,1.0,0.38461538461538464,39.55500000000001,10.723333333333333,11.466666666666669
30,7,4.285714285714286,1.0,0.0,90.95857142857145,2.3114285714285714,8.514285714285714
155,25,6.2,0.78125,0.15625,46.10000000000002,13.040000000000003,11.600000000000001
210,38,5.526315789473684,0.825,0.225,32.459736842105286,18.1721052631579,21.51578947368421
62,11,5.636363636363637,1.0,0.23076923076923078,62.81613636363636,5.864090909090912,5.836363636363637
77,12,6.416666666666667,1.0,0.21428571428571427,46.60500000000002,9.740000000000002,11.466666666666669
133,22,6.045454545454546,0.9166666666666666,0.375,26.84136363636364,14.98090909090909,17.89090909090909
119,20,5.95,0.8333333333333334,0.20833333333333334,65.555,6.600000000000005,12.0
77,15,5.133333333333334,1.0,0.16666666666666666,84.45000000000003,5.206666666666667,6.0
61,11,5.545454545454546,1.0,0.16666666666666666,64.9245454545455,6.936363636363637,8.036363636363637
59,11,5.363636363636363,1.0,0.06666666666666667,80.30636363636367,4.790909090909089,4.4
167,29,5.758620689655173,0.7878787878787878,0.24242424242424243,46.2554310344828,10.409827586206898,12.696551724137933
159,27,5.888888888888889,0.9333333333333333,0.3,35.29666666666668,15.043703703703706,15.244444444444447
181,29,6.241379310344827,0.8857142857142857,0.2,43.20689655172416,14.437241379310347,17.117241379310343
109,16,6.8125,0.8947368421052632,0.3157894736842105,53.120000000000005,9.825,8.9
119,19,6.2631578947368425,0.7241379310344828,0.10344827586206896,80.18561403508772,3.64842105263158,4.63859649122807
139,20,6.95,1.0,0.3333333333333333,21.565000000000026,15.220000000000002,16.0
78,15,5.2,0.9411764705882353,0.11764705882352941,73.17000000000003,6.780000000000001,8.666666666666668
102,17,6.0,0.7777777777777778,0.2777777777777778,45.26235294117649,11.169411764705881,13.858823529411765
131,20,6.55,1.0,0.2608695652173913,25.795000000000044,14.630000000000003,18.0
93,16,5.8125,0.8421052631578947,0.10526315789473684,53.120000000000005,9.825,11.4
110,16,6.875,0.8947368421052632,0.3684210526315789,53.120000000000005,9.825,11.4
48,8,6.0,1.0,0.1111111111111111,50.66500000000002,8.180000000000003,8.200000000000001
51,9,5.666666666666667,1.0,0.3,66.10000000000002,6.2755555555555596,8.044444444444444
105,17,6.176470588235294,0.9473684210526315,0.2631578947368421,55.21529411764709,9.781176470588235,11.505882352941178
214,33,6.484848484848484,0.7954545454545454,0.2727272727272727,45.158181818181845,15.15878787878788,18.04848484848485
166,29,5.724137931034483,0.9428571428571428,0.22857142857142856,48.49357142857144,13.451428571428576,12.62857142857143
78,12,6.5,1.0,0.10526315789473684,53.655,8.756666666666668,8.133333333333335
245,33,7.424242424242424,0.9230769230769231,0.41025641025641024,9.26727272727274,20.164848484848488,24.10909090909091
146,22,6.636363636363637,0.84,0.32,34.532272727272726,13.90818181818182,17.89090909090909
123,23,5.3478260869565215,0.92,0.16,62.10739130434784,10.310434782608699,12.678260869565218
63,11,5.7272727272727275,1.0,0.16666666666666666,57.23363636363638,8.009090909090911,8.036363636363637
155,25,6.2,0.8928571428571429,0.25,29.180000000000007,15.400000000000002,16.400000000000002
112,17,6.588235294117647,1.0,0.3,45.26235294117649,11.169411764705881,9.15294117647059
139,24,5.791666666666667,0.9259259259259259,0.14814814814814814,53.655,8.756666666666668,11.466666666666669
106,21,5.0476190476190474,0.8695652173913043,0.08695652173913043,72.72000000000003,8.333333333333332,10.304761904761905
166,27,6.148148148148148,0.8666666666666667,0.16666666666666666,50.96333333333334,12.858518518518522,15.244444444444447
149,25,5.96,0.7857142857142857,0.25,39.33200000000002,13.984000000000002,18.0
106,15,7.066666666666666,0.9411764705882353,0.35294117647058826,22.410000000000025,13.860000000000003,19.333333333333336
91,16,5.6875,0.9473684210526315,0.21052631578947367,68.9825,7.612500000000001,11.4
180,29,6.206896551724138,0.8709677419354839,0.2903225806451613,19.868965517241406,17.69241379310345,21.255172413793105
70,13,5.384615384615385,1.0,0.13333333333333333,76.50153846153849,5.818461538461541,5.2
140,26,5.384615384615385,0.896551724137931,0.13793103448275862,66.56038461538463,10.434615384615388,11.938461538461539
277,45,6.155555555555556,0.8627450980392157,0.2549019607843137,18.28000000000003,21.88888888888889,24.222222222222225
132,20,6.6,1.0,0.30434782608695654,46.94500000000005,11.68,14.0
203,31,6.548387096774194,0.8108108108108109,0.2972972972972973,40.791827956989266,10.136774193548387,13.165591397849463
111,19,5.842105263157895,0.9523809523809523,0.19047619047619047,53.97105263157897,10.451578947368422,16.02105263157895
137,25,5.48,0.8076923076923077,0.19230769230769232,72.32350000000002,6.277000000000001,11.4
102,16,6.375,1.0,0.2,37.25750000000002,12.037500000000005,16.400000000000002
102,16,6.375,1.0,0.2631578947368421,37.25750000000002,12.037500000000005,16.400000000000002
90,17,5.294117647058823,0.8888888888888888,0.05555555555555555,70.14470588235295,7.698823529411765,9.15294117647059
116,21,5.523809523809524,0.8461538461538461,0.11538461538461539,76.74857142857144,7.771428571428572,10.304761904761905
175,31,5.645161290322581,0.8787878787878788,0.18181818181818182,44.37645161290325,14.770967741935486,18.851612903225806
103,17,6.0588235294117645,1.0,0.21052631578947367,40.2858823529412,11.863529411764706,13.858823529411765
35,7,5.0,1.0,0.125,90.95857142857145,2.3114285714285714,2.8000000000000003
304,53,5.735849056603773,0.676923076923077,0.13846153846153847,31.726792452830225,22.000754716981138,24.218867924528304
91,15,6.066666666666666,0.9411764705882353,0.29411764705882354,50.610000000000014,9.92666666666667,14.0
88,16,5.5,0.8947368421052632,0.10526315789473684,53.120000000000005,9.825,11.4
105,18,5.833333333333333,0.9473684210526315,0.21052631578947367,52.265000000000015,10.441111111111113,13.866666666666669
122,20,6.1,0.8333333333333334,0.2916666666666667,30.025000000000034,14.040000000000003,18.0
54,7,7.714285714285714,1.0,0.4444444444444444,42.61571428571432,9.054285714285715,8.514285714285714
133,22,6.045454545454546,0.9230769230769231,0.19230769230769232,42.223181818181814,12.83545454545455,16.072727272727274
32,5,6.4,1.0,0.14285714285714285,200.0,20.0,20.0
139,24,5.791666666666667,0.96,0.24,30.900000000000034,14.911666666666669,19.6
30,5,6.0,1.0,0.16666666666666666,200.0,20.0,20.0
127,21,6.0476190476190474,0.8333333333333334,0.25,36.46285714285716,13.390476190476189,16.019047619047623
73,11,6.636363636363637,1.0,0.38461538461538464,34.160909090909115,11.22727272727273,15.30909090909091
162,21,7.714285714285714,0.8275862068965517,0.3793103448275862,26.97750000000002,12.105,11.81904761904762
28,5,5.6,1.0,0.16666666666666666,200.0,20.0,20.0
107,18,5.944444444444445,0.7727272727272727,0.22727272727272727,47.565,11.096666666666668,13.866666666666669
54,9,6.0,1.0,0.3,56.70000000000002,7.58666666666667,12.488888888888889
71,11,6.454545454545454,1.0,0.23076923076923078,49.54272727272729,9.081818181818182,11.672727272727274
174,25,6.96,0.9259259259259259,0.3333333333333333,8.876000000000005,18.232000000000003,22.8
142,21,6.761904761904762,0.875,0.3333333333333333,20.34857142857146,15.638095238095236,19.82857142857143
139,23,6.043478260869565,0.9166666666666666,0.2916666666666667,40.03782608695653,13.388695652173912,16.156521739130437
163,25,6.52,0.8666666666666667,0.3,35.94800000000001,14.456,18.0
82,12,6.833333333333333,0.9333333333333333,0.3333333333333333,39.55500000000001,10.723333333333333,14.8
125,20,6.25,0.9090909090909091,0.22727272727272727,46.94500000000005,11.68,14.0
36,7,5.142857142857143,0.875,0.125,78.87285714285717,3.997142857142858,2.8000000000000003
165,27,6.111111111111111,0.7241379310344828,0.2413793103448276,32.163333333333355,15.480740740740742,21.17037037037037
46,8,5.75,0.8888888888888888,0.2222222222222222,71.81500000000001,5.230000000000004,8.200000000000001
146,25,5.84,0.8888888888888888,0.2222222222222222,52.01950000000002,9.109000000000002,11.4
74,13,5.6923076923076925,1.0,0.2857142857142857,56.97846153846157,8.541538461538462,11.353846153846156
211,28,7.535714285714286,0.9090909090909091,0.36363636363636365,27.343571428571465,16.40142857142857,16.914285714285715
36,7,5.142857142857143,1.0,0.25,78.87285714285717,3.997142857142858,2.8000000000000003
84,15,5.6,1.0,0.1111111111111111,73.17000000000003,6.780000000000001,8.666666666666668
171,29,5.896551724137931,0.90625,0.25,43.20689655172416,14.437241379310347,18.49655172413793
116,18,6.444444444444445,0.95,0.3,42.86500000000001,11.752222222222223,13.866666666666669
158,28,5.642857142857143,0.8387096774193549,0.25806451612903225,62.70357142857142,7.991428571428575,11.314285714285715
97,16,6.0625,0.9411764705882353,0.23529411764705882,58.4075,9.087500000000002,11.4
34,7,4.857142857142857,1.0,0.0,115.13000000000002,-1.0599999999999987,2.8000000000000003
41,9,4.555555555555555,1.0,0.0,103.70000000000002,1.0311111111111124,3.6
109,19,5.7368421052631575,1.0,0.14285714285714285,67.32894736842107,8.588421052631581,9.705263157894738
159,29,5.482758620689655,0.6842105263157895,0.13157894736842105,74.49919540229887,5.269655172413795,9.383908045977012
146,26,5.615384615384615,0.8484848484848485,0.18181818181818182,42.71600000000004,13.512,18.0
129,22,5.863636363636363,0.92,0.24,76.83227272727274,8.008181818181821,8.8
98,14,7.0,0.9411764705882353,0.29411764705882354,23.42500000000001,13.470000000000002,17.02857142857143
126,23,5.478260869565218,0.7307692307692307,0.19230769230769232,62.10739130434784,10.310434782608699,12.678260869565218
66,10,6.6,1.0,0.36363636363636365,52.86500000000001,8.370000000000001,16.0
152,25,6.08,0.8620689655172413,0.27586206896551724,58.78750000000002,8.165000000000003,11.4
189,34,5.5588235294117645,0.8157894736842105,0.21052631578947367,65.16823529411766,8.39294117647059,11.505882352941178
77,13,5.923076923076923,0.9333333333333333,0.26666666666666666,63.486153846153854,7.633846153846157,8.276923076923078
108,20,5.4,0.9130434782608695,0.17391304347826086,59.63500000000003,9.910000000000004,10.0
108,21,5.142857142857143,0.8181818181818182,0.18181818181818182,64.66285714285716,9.457142857142859,12.20952380952381
59,9,6.555555555555555,1.0,0.2,37.900000000000034,10.208888888888893,12.488888888888889
90,16,5.625,1.0,0.17647058823529413,58.4075,9.087500000000002,8.9
96,17,5.647058823529412,0.9047619047619048,0.19047619047619047,55.21529411764709,9.781176470588235,11.505882352941178
137,24,5.708333333333333,0.7777777777777778,0.2962962962962963,27.37500000000003,15.403333333333332,17.933333333333334
131,24,5.458333333333333,0.9230769230769231,0.2692307692307692,62.62500000000003,10.486666666666668,11.266666666666667
99,17,5.823529411764706,0.9090909090909091,0.18181818181818182,65.16823529411766,8.39294117647059,9.15294117647059
115,18,6.388888888888889,0.95,0.3,33.465,13.063333333333333,16.08888888888889
110,17,6.470588235294118,0.9444444444444444,0.3333333333333333,30.332941176470626,13.251764705882355,16.211764705882356
138,23,6.0,0.88,0.32,32.681304347826114,14.414782608695656,19.63478260869565
72,13,5.538461538461538,1.0,0.14285714285714285,69.99384615384618,6.726153846153846,8.276923076923078
78,11,7.090909090909091,1.0,0.3333333333333333,26.470000000000027,12.3,15.30909090909091
73,12,6.083333333333333,0.9285714285714286,0.2857142857142857,74.805,5.806666666666668,8.133333333333335
67,10,6.7,1.0,0.18181818181818182,52.86500000000001,8.370000000000001,12.0
94,15,6.266666666666667,1.0,0.3157894736842105,23.42500000000001,13.470000000000002,17.02857142857143
116,18,6.444444444444445,0.95,0.35,38.16500000000002,12.407777777777778,16.08888888888889
97,17,5.705882352941177,1.0,0.2631578947368421,45.26235294117649,11.169411764705881,18.56470588235294
300,48,6.25,0.6984126984126984,0.1746031746031746,22.402500000000003,22.059166666666666,22.533333333333335
101,17,5.9411764705882355,0.95,0.2,55.21529411764709,9.781176470588235,11.505882352941178
106,17,6.235294117647059,0.9090909090909091,0.3181818181818182,42.545000000000016,11.3,8.9
87,15,5.8,0.9411764705882353,0.17647058823529413,61.890000000000015,8.353333333333339,8.666666666666668
119,17,7.0,0.8571428571428571,0.23809523809523808,35.309411764705914,12.55764705882353,13.858823529411765
116,22,5.2727272727272725,0.8518518518518519,0.1111111111111111,72.9868181818182,8.544545454545453,10.618181818181819
39,7,5.571428571428571,1.0,0.125,66.7871428571429,5.682857142857145,8.514285714285714
134,21,6.380952380952381,0.9565217391304348,0.34782608695652173,51.1489285714286,8.733571428571427,11.81904761904762
101,17,5.9411764705882355,0.92,0.12,86.62450980392158,2.5847058823529423,4.619607843137255
65,12,5.416666666666667,0.9285714285714286,0.14285714285714285,81.85500000000002,4.823333333333334,4.800000000000001
143,23,6.217391304347826,0.88,0.28,43.716086956521764,12.875652173913043,16.156521739130437
65,10,6.5,0.9230769230769231,0.15384615384615385,52.86500000000001,8.370000000000001,12.0
164,26,6.3076923076923075,0.9310344827586207,0.3103448275862069,30.76807692307696,15.426923076923078,16.553846153846155
92,15,6.133333333333334,0.8947368421052632,0.10526315789473684,50.610000000000014,9.92666666666667,8.666666666666668
79,13,6.076923076923077,0.9333333333333333,0.26666666666666666,50.470769230769264,9.44923076923077,8.276923076923078
117,16,7.3125,0.9444444444444444,0.3333333333333333,0.24500000000000455,17.2,18.900000000000002
36,7,5.142857142857143,1.0,0.125,78.87285714285717,3.997142857142858,8.514285714285714
153,25,6.12,0.9285714285714286,0.25,39.33200000000002,13.984000000000002,18.0
64,12,5.333333333333333,0.9333333333333333,0.06666666666666667,81.85500000000002,4.823333333333334,4.800000000000001
199,37,5.378378378378378,0.8181818181818182,0.13636363636363635,64.58722972972974,8.846621621621622,11.724324324324325
69,12,5.75,0.9230769230769231,0.23076923076923078,81.85500000000002,4.823333333333334,4.800000000000001
102,20,5.1,0.8695652173913043,0.043478260869565216,76.55500000000004,7.550000000000001,8.0
105,20,5.25,0.75,0.16666666666666666,72.32500000000003,8.140000000000004,10.0
44,10,4.4,1.0,0.0,103.625,1.2900000000000027,4.0
89,15,5.933333333333334,1.0,0.3125,50.610000000000014,9.92666666666667,11.333333333333336
92,16,5.75,0.8823529411764706,0.17647058823529413,47.83250000000001,10.562500000000004,16.400000000000002
147,25,5.88,0.9230769230769231,0.34615384615384615,35.94800000000001,14.456,14.8
112,17,6.588235294117647,0.7407407407407407,0.14814814814814814,55.21529411764709,9.781176470588235,11.505882352941178
56,10,5.6,0.9166666666666666,0.16666666666666666,52.86500000000001,8.370000000000001,12.0
113,16,7.0625,0.9444444444444444,0.3333333333333333,26.682500000000005,13.5125,16.400000000000002
80,9,8.88888888888889,1.0,0.45454545454545453,-27.89999999999995,19.386666666666667,21.37777777777778
110,18,6.111111111111111,0.9523809523809523,0.23809523809523808,42.86500000000001,11.752222222222223,16.08888888888889
99,14,7.071428571428571,1.0,0.375,11.339285714285722,15.15571428571429,22.742857142857144
69,14,4.928571428571429,0.9375,0.0625,89.89642857142859,4.19857142857143,5.6000000000000005
171,27,6.333333333333333,0.75,0.25,32.163333333333355,15.480740740740742,16.725925925925928
99,18,5.5,0.8571428571428571,0.23809523809523808,70.80000000000003,5.6200000000000045,8.044444444444444
102,17,6.0,0.8181818181818182,0.13636363636363635,70.14470588235295,7.698823529411765,9.15294117647059
81,13,6.230769230769231,0.8571428571428571,0.35714285714285715,37.455384615384645,11.264615384615386,14.430769230769233
210,33,6.363636363636363,0.8888888888888888,0.2777777777777778,16.958181818181828,19.092121212121217,21.684848484848487
89,16,5.5625,0.9444444444444444,0.2777777777777778,68.9825,7.612500000000001,8.9
80,13,6.153846153846154,1.0,0.2857142857142857,43.963076923076954,10.356923076923078,14.430769230769233
189,31,6.096774193548387,0.8235294117647058,0.3235294117647059,38.91838709677421,15.532258064516128,18.851612903225806
86,17,5.0588235294117645,1.0,0.15789473684210525,80.09764705882354,6.310588235294119,9.15294117647059
173,31,5.580645161290323,0.8529411764705882,0.17647058823529413,60.84163793103451,8.375344827586208,8.558620689655172
165,24,6.875,0.8518518518518519,0.37037037037037035,50.130000000000024,9.248333333333335,13.133333333333333
168,31,5.419354838709677,0.7837837837837838,0.13513513513513514,58.021612903225815,12.867741935483874,16.270967741935486
117,22,5.318181818181818,0.8076923076923077,0.19230769230769232,72.9868181818182,8.544545454545453,10.618181818181819
109,18,6.055555555555555,0.9047619047619048,0.23809523809523808,52.265000000000015,10.441111111111113,9.422222222222222
115,19,6.052631578947368,0.9545454545454546,0.22727272727272727,62.87631578947371,9.209473684210526,7.6000000000000005
58,11,5.2727272727272725,1.0,0.0,101.27068181818181,0.5004545454545486,2.2
248,43,5.767441860465116,0.7843137254901961,0.19607843137254902,35.30627906976744,19.017209302325586,22.781395348837208
350,51,6.862745098039215,0.7076923076923077,0.2923076923076923,4.117058823529447,25.35490196078432,28.243137254901963
116,18,6.444444444444445,1.0,0.35,40.2858823529412,11.863529411764706,11.505882352941178
72,13,5.538461538461538,1.0,0.2857142857142857,69.99384615384618,6.726153846153846,8.276923076923078
153,29,5.275862068965517,0.8064516129032258,0.1935483870967742,63.62758620689657,11.58896551724138,14.358620689655172
124,20,6.2,0.9047619047619048,0.42857142857142855,38.48500000000004,12.860000000000003,16.0
276,52,5.3076923076923075,0.6140350877192983,0.15789473684210525,32.03576923076925,21.709230769230775,26.184615384615388
219,38,5.7631578947368425,0.9,0.25,41.36500000000002,16.930000000000003,20.46315789473684
99,15,6.6,0.75,0.4375,44.97000000000003,10.713333333333338,14.0
57,9,6.333333333333333,1.0,0.36363636363636365,37.900000000000034,10.208888888888893,12.488888888888889
96,15,6.4,0.9375,0.375,-0.14999999999997726,17.006666666666664,19.333333333333336
59,8,7.375,1.0,0.36363636363636365,50.66500000000002,8.180000000000003,8.200000000000001
53,9,5.888888888888889,1.0,0.2,37.900000000000034,10.208888888888893,12.488888888888889
257,41,6.2682926829268295,0.7446808510638298,0.2553191489361702,53.968963414634146,10.824512195121955,16.00487804878049
109,22,4.954545454545454,0.9166666666666666,0.08333333333333333,72.9868181818182,8.544545454545453,8.8
314,50,6.28,0.6621621621621622,0.12162162162162163,49.48400000000001,12.568000000000001,12.4
213,36,5.916666666666667,0.7708333333333334,0.1875,33.99500000000003,17.461111111111112,17.733333333333334
130,20,6.5,0.9130434782608695,0.2608695652173913,42.71500000000003,12.270000000000003,14.0
180,31,5.806451612903226,0.8,0.22857142857142856,41.64741935483872,15.151612903225807,18.851612903225806
278,45,6.177777777777778,0.7,0.28,3.2400000000000375,23.986666666666668,28.66666666666667
205,31,6.612903225806452,0.7941176470588235,0.29411764705882354,11.62806451612903,19.338709677419356,24.012903225806454
187,31,6.032258064516129,0.7837837837837838,0.2702702702702703,36.189354838709676,15.912903225806453,17.561290322580646
94,15,6.266666666666667,0.8333333333333334,0.2777777777777778,44.97000000000003,10.713333333333338,16.666666666666668
77,14,5.5,0.8823529411764706,0.17647058823529413,53.639285714285734,9.255714285714287,14.171428571428573
112,17,6.588235294117647,0.8947368421052632,0.3684210526315789,40.2858823529412,11.863529411764706,11.505882352941178
60,10,6.0,1.0,0.16666666666666666,52.86500000000001,8.370000000000001,8.0
82,12,6.833333333333333,0.9285714285714286,0.35714285714285715,25.455000000000013,12.690000000000001,14.8
92,19,4.842105263157895,0.8571428571428571,0.14285714285714285,85.13947368421054,6.104210526315793,9.705263157894738
211,30,7.033333333333333,0.8611111111111112,0.3333333333333333,15.645000000000039,18.530000000000005,21.333333333333332
129,23,5.608695652173913,0.92,0.2,51.71032608695654,8.903695652173912,15.03478260869565
132,23,5.739130434782608,0.8076923076923077,0.23076923076923078,55.38858695652178,8.390652173913043,11.556521739130435
93,17,5.470588235294118,0.9473684210526315,0.21052631578947367,65.16823529411766,8.39294117647059,9.15294117647059
148,22,6.7272727272727275,0.8214285714285714,0.25,34.532272727272726,13.90818181818182,14.254545454545458
68,12,5.666666666666667,0.9230769230769231,0.15384615384615385,60.70500000000001,7.773333333333333,11.466666666666669
230,37,6.216216216216216,0.8048780487804879,0.2682926829268293,13.798918918918929,20.526486486486494,22.36756756756757
118,20,5.9,0.88,0.12,42.71500000000003,12.270000000000003,14.0
83,16,5.1875,0.8888888888888888,0.1111111111111111,79.5575,6.137499999999999,8.9
68,14,4.857142857142857,1.0,0.0,89.89642857142859,4.19857142857143,5.6000000000000005
182,29,6.275862068965517,0.7297297297297297,0.16216216216216217,34.45517241379312,15.657931034482761,17.117241379310343
85,13,6.538461538461538,1.0,0.2857142857142857,30.947692307692336,12.172307692307694,17.50769230769231
167,31,5.387096774193548,0.6666666666666666,0.18181818181818182,59.89505376344087,7.472258064516129,11.8752688172043
167,29,5.758620689655173,0.7741935483870968,0.2903225806451613,54.87586206896553,12.809655172413795,14.358620689655172
91,16,5.6875,0.9523809523809523,0.23809523809523808,50.610000000000014,9.92666666666667,11.333333333333336
100,17,5.882352941176471,1.0,0.21052631578947367,70.14470588235295,7.698823529411765,9.15294117647059
155,27,5.7407407407407405,0.8,0.16666666666666666,54.09666666666669,12.421481481481482,12.281481481481482
166,31,5.354838709677419,0.8823529411764706,0.17647058823529413,66.20870967741936,11.725806451612904,13.690322580645162
138,25,5.52,0.9655172413793104,0.13793103448275862,66.40400000000001,10.208000000000002,11.600000000000001
147,24,6.125,0.896551724137931,0.2413793103448276,45.00000000000003,12.945,16.26666666666667
229,39,5.871794871794871,0.8444444444444444,0.2222222222222222,39.26538461538463,17.47128205128205,20.72820512820513
134,23,5.826086956521739,0.8148148148148148,0.25925925925925924,55.60115942028986,7.408695652173915,11.762318840579711
88,13,6.769230769230769,0.9285714285714286,0.2857142857142857,11.424615384615407,14.895384615384618,17.50769230769231
193,32,6.03125,0.8108108108108109,0.21621621621621623,34.23625000000004,16.433750000000007,17.8
145,22,6.590909090909091,0.7692307692307693,0.23076923076923078,26.84136363636364,14.98090909090909,14.254545454545458
92,13,7.076923076923077,1.0,0.3125,50.470769230769264,9.44923076923077,8.276923076923078
240,40,6.0,0.782608695652174,0.2391304347826087,51.17500000000004,11.090000000000003,15.0
124,20,6.2,0.9230769230769231,0.23076923076923078,63.86500000000004,9.32,10.0
164,32,5.125,0.8611111111111112,0.1111111111111111,79.21217741935487,6.061451612903227,8.780645161290323
130,20,6.5,0.8461538461538461,0.19230769230769232,46.94500000000005,11.68,16.0
40,8,5.0,0.9,0.1,103.54,0.8049999999999997,3.2
106,21,5.0476190476190474,0.8636363636363636,0.13636363636363635,56.6057142857143,10.580952380952379,16.019047619047623
49,10,4.9,1.0,0.16666666666666666,78.24500000000002,4.830000000000002,8.0
107,20,5.35,0.9565217391304348,0.21739130434782608,68.09500000000004,8.73,12.0
66,10,6.6,1.0,0.2727272727272727,2.105000000000018,15.45,16.0
199,32,6.21875,0.9142857142857143,0.3142857142857143,26.305000000000035,17.540000000000003,21.55
90,15,6.0,0.8,0.2,56.25000000000003,9.140000000000004,8.666666666666668
96,16,6.0,0.9411764705882353,0.058823529411764705,58.4075,9.087500000000002,8.9
72,11,6.545454545454546,1.0,0.3333333333333333,34.160909090909115,11.22727272727273,11.672727272727274
170,28,6.071428571428571,0.8823529411764706,0.20588235294117646,41.56333333333336,14.169629629629632,19.68888888888889
134,24,5.583333333333333,0.8387096774193549,0.16129032258064516,40.03782608695653,13.388695652173912,16.156521739130437
85,13,6.538461538461538,0.8823529411764706,0.23529411764705882,43.963076923076954,10.356923076923078,14.430769230769233
142,21,6.761904761904762,1.0,0.4166666666666667,20.34857142857146,15.638095238095236,19.82857142857143
180,30,6.0,0.90625,0.3125,29.745000000000033,16.563333333333336,22.66666666666667
273,41,6.658536585365853,0.8297872340425532,0.2978723404255319,43.65189024390244,12.263536585365856,14.053658536585367
102,15,6.8,0.9411764705882353,0.29411764705882354,28.05000000000001,13.073333333333338,14.0
69,12,5.75,0.9285714285714286,0.07142857142857142,60.70500000000001,7.773333333333333,11.466666666666669
75,11,6.818181818181818,1.0,0.3333333333333333,34.160909090909115,11.22727272727273,11.672727272727274
47,9,5.222222222222222,1.0,0.0,84.90000000000003,3.653333333333336,3.6
100,15,6.666666666666667,0.8571428571428571,0.23809523809523808,28.05000000000001,13.073333333333338,16.666666666666668
27,6,4.5,0.8571428571428571,0.0,102.045,0.5166666666666693,2.4000000000000004
71,12,5.916666666666667,0.9285714285714286,0.14285714285714285,74.805,5.806666666666668,4.800000000000001
355,58,6.120689655172414,0.7391304347826086,0.2028985507246377,2.1029310344827934,27.374827586206894,28.027586206896554
97,17,5.705882352941177,0.8947368421052632,0.21052631578947367,45.26235294117649,11.169411764705881,11.505882352941178
61,12,5.083333333333333,0.9333333333333333,0.13333333333333333,95.955,2.8566666666666656,4.800000000000001
154,23,6.695652173913044,0.9259259259259259,0.2962962962962963,47.39434782608697,12.362608695652174,14.417391304347825
104,19,5.473684210526316,0.9565217391304348,0.13043478260869565,71.78157894736843,7.967368421052633,7.6000000000000005
118,19,6.2105263157894735,0.9523809523809523,0.23809523809523808,58.42368421052632,9.830526315789477,9.705263157894738
103,19,5.421052631578948,0.7272727272727273,0.18181818181818182,67.32894736842107,8.588421052631581,11.810526315789474
57,10,5.7,0.9166666666666666,0.25,44.405,9.55,12.0
32,6,5.333333333333333,1.0,0.14285714285714285,87.94500000000002,2.4833333333333343,2.4000000000000004
108,19,5.684210526315789,1.0,0.23809523809523808,58.42368421052632,9.830526315789477,13.915789473684212
168,29,5.793103448275862,0.8787878787878788,0.3333333333333333,49.04137931034484,13.62344827586207,18.49655172413793
130,23,5.6521739130434785,0.8518518518518519,0.18518518518518517,51.07260869565218,11.849565217391305,16.156521739130437
87,14,6.214285714285714,1.0,0.375,59.68214285714288,8.412857142857145,8.457142857142857
183,30,6.1,0.8648648648648649,0.21621621621621623,41.025000000000034,14.990000000000006,17.333333333333336
93,18,5.166666666666667,0.8947368421052632,0.15789473684210525,75.76500000000001,7.163333333333334,9.422222222222222
93,17,5.470588235294118,0.9,0.1,78.77220588235295,4.383823529411767,5.752941176470589
101,18,5.611111111111111,0.9047619047619048,0.23809523809523808,47.565,11.096666666666668,13.866666666666669
229,40,5.725,0.9555555555555556,0.1111111111111111,43.565000000000026,17.12,17.0
93,15,6.2,1.0,0.23529411764705882,50.610000000000014,9.92666666666667,14.0
120,22,5.454545454545454,0.8461538461538461,0.2692307692307692,69.14136363636365,9.080909090909092,10.618181818181819
203,34,5.970588235294118,0.918918918918919,0.21621621621621623,47.750588235294146,10.822352941176472,13.858823529411765
102,16,6.375,0.85,0.25,47.83250000000001,10.562500000000004,16.400000000000002
71,10,7.1,1.0,0.3333333333333333,27.485000000000014,11.91,12.0
78,17,4.588235294117647,0.9444444444444444,0.05555555555555555,90.05058823529413,4.92235294117647,6.800000000000001
116,20,5.8,0.9090909090909091,0.3181818181818182,51.17500000000004,11.090000000000003,12.0
63,10,6.3,0.9090909090909091,0.36363636363636365,10.564999999999998,14.270000000000007,20.0
166,27,6.148148148148148,0.9032258064516129,0.25806451612903225,25.896666666666675,16.35481481481482,16.725925925925928
137,18,7.611111111111111,0.8260869565217391,0.30434782608695654,9.965000000000003,16.34111111111111,20.533333333333335
119,23,5.173913043478261,0.8461538461538461,0.07692307692307693,65.78565217391306,9.79739130434783,10.93913043478261
122,23,5.304347826086956,0.8461538461538461,0.23076923076923078,40.03782608695653,13.388695652173912,14.417391304347825
48,10,4.8,0.8571428571428571,0.14285714285714285,71.81500000000001,5.230000000000004,8.200000000000001
185,31,5.967741935483871,0.9117647058823529,0.29411764705882354,49.192822580645185,10.248548387096779,11.361290322580645
71,12,5.916666666666667,1.0,0.2857142857142857,53.655,8.756666666666668,11.466666666666669
59,10,5.9,0.9090909090909091,0.2727272727272727,52.86500000000001,8.370000000000001,16.0
41,7,5.857142857142857,1.0,0.25,66.7871428571429,5.682857142857145,8.514285714285714
130,20,6.5,0.9166666666666666,0.3333333333333333,38.48500000000004,12.860000000000003,16.0
148,22,6.7272727272727275,0.7777777777777778,0.18518518518518517,49.91409090909093,11.762727272727272,12.436363636363637
134,22,6.090909090909091,0.9565217391304348,0.21739130434782608,46.06863636363636,12.29909090909091,14.254545454545458
72,11,6.545454545454546,1.0,0.23076923076923078,64.9245454545455,6.936363636363637,11.672727272727274
89,14,6.357142857142857,1.0,0.25,29.467857142857156,12.62714285714286,14.171428571428573
108,17,6.352941176470588,0.7916666666666666,0.25,60.19176470588238,9.08705882352941,6.800000000000001
79,13,6.076923076923077,0.9375,0.125,56.97846153846157,8.541538461538462,8.276923076923078
34,6,5.666666666666667,1.0,0.25,87.94500000000002,2.4833333333333343,9.066666666666668
42,7,6.0,1.0,0.25,54.70142857142861,7.368571428571428,14.228571428571428
72,15,4.8,0.9473684210526315,0.10526315789473684,90.09000000000002,4.420000000000002,6.0
127,22,5.7727272727272725,0.9032258064516129,0.0967741935483871,69.14136363636365,9.080909090909092,12.436363636363637
127,25,5.08,0.8846153846153846,0.15384615384615385,66.40400000000001,10.208000000000002,14.8
139,25,5.56,0.8928571428571429,0.17857142857142858,56.252000000000024,11.624000000000002,13.200000000000001
160,26,6.153846153846154,0.896551724137931,0.27586206896551724,40.529615384615425,14.065384615384616,19.630769230769232
166,25,6.64,0.896551724137931,0.3103448275862069,25.79600000000002,15.872000000000003,19.6
220,41,5.365853658536586,0.7446808510638298,0.1276595744680851,64.28603658536586,9.38548780487805,13.078048780487805
139,22,6.318181818181818,0.8928571428571429,0.2857142857142857,38.37772727272727,13.371818181818181,16.072727272727274
214,38,5.631578947368421,0.7659574468085106,0.14893617021276595,41.36500000000002,16.930000000000003,19.410526315789475
145,19,7.631578947368421,0.782608695652174,0.43478260869565216,22.8026315789474,14.798947368421054,9.705263157894738
175,26,6.730769230769231,0.9642857142857143,0.35714285714285715,11.245000000000033,18.150000000000002,19.630769230769232
198,31,6.387096774193548,0.9411764705882353,0.29411764705882354,28.002258064516155,17.054838709677416,20.14193548387097
117,22,5.318181818181818,0.9130434782608695,0.13043478260869565,65.29590909090909,9.61727272727273,12.436363636363637
76,12,6.333333333333333,0.9230769230769231,0.3076923076923077,17.44500000000002,12.316666666666666,15.733333333333334
167,29,5.758620689655173,0.8857142857142857,0.17142857142857143,51.51500000000003,13.030000000000005,15.485714285714288
162,24,6.75,0.8666666666666667,0.26666666666666666,9.750000000000057,17.861666666666668,19.6
276,45,6.133333333333334,0.7959183673469388,0.2653061224489796,12.640000000000043,22.675555555555558,26.0
49,8,6.125,1.0,0.2222222222222222,50.66500000000002,8.180000000000003,13.200000000000001
176,29,6.068965517241379,0.7941176470588235,0.20588235294117646,46.12413793103451,14.030344827586209,14.358620689655172
69,10,6.9,1.0,0.2727272727272727,61.32500000000002,7.190000000000001,16.0
151,26,5.8076923076923075,0.9310344827586207,0.2413793103448276,53.54500000000003,12.250000000000004,15.015384615384617
106,16,6.625,0.8947368421052632,0.3157894736842105,31.97,12.775000000000002,11.4
224,38,5.894736842105263,0.8809523809523809,0.19047619047619047,25.23135135135138,18.93189189189189,22.36756756756757
61,9,6.777777777777778,1.0,0.5,47.30000000000004,8.89777777777778,12.488888888888889
96,15,6.4,1.0,0.3125,33.690000000000026,12.286666666666669,14.0
55,11,5.0,0.8333333333333334,0.25,64.9245454545455,6.936363636363637,8.036363636363637
154,23,6.695652173913044,0.8333333333333334,0.26666666666666666,40.03782608695653,13.388695652173912,17.895652173913046
150,25,6.0,0.90625,0.1875,42.71600000000004,13.512,14.8
227,38,5.973684210526316,0.851063829787234,0.19148936170212766,56.19736842105266,10.141052631578948,13.915789473684212
125,21,5.9523809523809526,0.9545454545454546,0.36363636363636365,36.46285714285716,13.390476190476189,14.114285714285714
55,11,5.0,1.0,0.16666666666666666,72.61545454545457,5.863636363636363,11.672727272727274
131,23,5.695652173913044,1.0,0.16,36.35956521739132,13.901739130434787,14.417391304347825
141,23,6.130434782608695,0.8076923076923077,0.23076923076923078,40.03782608695653,13.388695652173912,14.417391304347825
280,41,6.829268292682927,0.8958333333333334,0.3958333333333333,-1.9165853658536207,23.712195121951222,27.13170731707317
43,6,7.166666666666667,1.0,0.42857142857142855,31.545000000000016,10.350000000000001,15.733333333333334
107,19,5.631578947368421,0.8461538461538461,0.11538461538461539,52.265000000000015,10.441111111111113,13.866666666666669
205,32,6.40625,0.75,0.2777777777777778,15.730000000000018,19.015000000000004,21.55
105,20,5.25,0.9130434782608695,0.17391304347826086,72.32500000000003,8.140000000000004,10.0
156,26,6.0,0.875,0.125,50.29115384615386,12.703846153846158,11.938461538461539
136,21,6.476190476190476,0.8888888888888888,0.2962962962962963,28.40571428571431,14.514285714285716,17.923809523809524
196,34,5.764705882352941,0.925,0.175,30.49558823529415,17.452352941176475,21.835294117647063
144,23,6.260869565217392,0.8928571428571429,0.25,51.07260869565218,11.849565217391305,12.678260869565218
214,35,6.114285714285714,0.7555555555555555,0.13333333333333333,28.007352941176492,17.799411764705884,19.482352941176472
198,27,7.333333333333333,0.8611111111111112,0.2777777777777778,3.9633333333333667,19.414074074074076,22.651851851851855
226,41,5.512195121951219,0.8125,0.14583333333333334,47.79500000000003,16.530000000000005,19.0
210,38,5.526315789473684,0.8666666666666667,0.17777777777777778,43.59131578947371,16.619473684210522,19.410526315789475
55,10,5.5,0.9166666666666666,0.16666666666666666,86.70500000000001,3.650000000000002,4.0
66,11,6.0,1.0,0.3076923076923077,57.23363636363638,8.009090909090911,4.4
169,26,6.5,0.9032258064516129,0.3225806451612903,4.7373076923077235,19.05769230769231,24.246153846153845
91,16,5.6875,0.9523809523809523,0.23809523809523808,50.610000000000014,9.92666666666667,11.333333333333336
288,50,5.76,0.8771929824561403,0.24561403508771928,15.129999999999995,22.825106382978728,26.45957446808511
162,24,6.75,0.8888888888888888,0.25925925925925924,9.750000000000057,17.861666666666668,21.26666666666667
187,32,5.84375,0.7560975609756098,0.21951219512195122,28.002258064516155,17.054838709677416,16.270967741935486
265,43,6.162790697674419,0.6545454545454545,0.2,29.247857142857157,19.613809523809525,21.561904761904763
67,10,6.7,1.0,0.21428571428571427,19.025000000000006,13.09,20.0
163,25,6.52,0.8387096774193549,0.2903225806451613,48.63550000000001,9.581,9.8
189,33,5.7272727272727275,0.9210526315789473,0.15789473684210525,47.72181818181819,14.801212121212124,16.83636363636364
205,33,6.212121212121212,0.8333333333333334,0.3333333333333333,29.77636363636364,17.304242424242428,18.04848484848485
147,27,5.444444444444445,0.7878787878787878,0.12121212121212122,41.56333333333336,14.169629629629632,18.20740740740741
67,8,8.375,1.0,0.5555555555555556,-23.359999999999985,18.505,18.2
60,10,6.0,1.0,0.14285714285714285,61.32500000000002,7.190000000000001,4.0
107,14,7.642857142857143,0.9473684210526315,0.3157894736842105,41.553571428571445,10.941428571428574,11.314285714285715
84,14,6.0,1.0,0.25,71.76785714285715,6.727142857142859,8.457142857142857
128,23,5.565217391304348,0.8666666666666667,0.13333333333333333,57.23363636363638,8.009090909090911,8.036363636363637
122,22,5.545454545454546,1.0,0.16,48.54857142857145,11.704761904761906,16.019047619047623
115,24,4.791666666666667,0.8461538461538461,0.11538461538461539,69.67500000000004,9.503333333333334,12.933333333333335
90,16,5.625,1.0,0.2631578947368421,58.4075,9.087500000000002,11.4
69,12,5.75,1.0,0.15384615384615385,46.60500000000002,9.740000000000002,11.466666666666669
218,37,5.891891891891892,0.8636363636363636,0.25,45.215,11.424444444444447,14.977777777777778
145,22,6.590909090909091,0.88,0.32,38.37772727272727,13.371818181818181,16.072727272727274
139,21,6.619047619047619,0.9259259259259259,0.2962962962962963,28.40571428571431,14.514285714285716,17.923809523809524
193,30,6.433333333333334,0.8571428571428571,0.22857142857142856,32.565000000000026,16.170000000000005,18.666666666666668
204,35,5.828571428571428,0.8837209302325582,0.20930232558139536,50.452857142857155,14.91714285714286,17.428571428571427
198,36,5.5,0.8461538461538461,0.1794871794871795,38.69500000000002,16.80555555555556,21.06666666666667
134,22,6.090909090909091,0.8461538461538461,0.23076923076923078,53.759545454545474,11.22636363636364,14.254545454545458
118,19,6.2105263157894735,0.9583333333333334,0.25,33.465,13.063333333333333,11.644444444444446
77,14,5.5,1.0,0.17647058823529413,77.81071428571428,5.884285714285717,8.457142857142857
79,14,5.642857142857143,1.0,0.26666666666666666,35.5107142857143,11.784285714285716,14.171428571428573
102,20,5.1,0.8636363636363636,0.13636363636363635,55.40500000000003,10.500000000000004,14.0
304,53,5.735849056603773,0.676923076923077,0.13846153846153847,33.32301886792456,21.778113207547168,24.218867924528304
49,9,5.444444444444445,1.0,0.2727272727272727,75.50000000000003,4.964444444444446,8.044444444444444
94,14,6.714285714285714,0.9333333333333333,0.4,41.553571428571445,10.941428571428574,14.171428571428573
123,21,5.857142857142857,1.0,0.21739130434782608,36.46285714285716,13.390476190476189,12.20952380952381
57,10,5.7,1.0,0.2727272727272727,44.405,9.55,12.0
122,19,6.421052631578948,0.8333333333333334,0.25,36.1605263157895,12.935789473684213,18.126315789473683
97,15,6.466666666666667,1.0,0.2222222222222222,39.33000000000001,11.500000000000004,14.0
129,22,5.863636363636363,0.8,0.2,42.223181818181814,12.83545454545455,16.072727272727274
121,19,6.368421052631579,0.9047619047619048,0.3333333333333333,27.255263157894774,14.177894736842106,20.231578947368423
72,13,5.538461538461538,0.9285714285714286,0.2857142857142857,50.470769230769264,9.44923076923077,8.276923076923078
85,13,6.538461538461538,0.8571428571428571,0.2857142857142857,24.440000000000026,13.080000000000002,14.430769230769233
81,13,6.230769230769231,1.0,0.26666666666666666,50.470769230769264,9.44923076923077,11.353846153846156
128,22,5.818181818181818,0.8888888888888888,0.14814814814814814,57.605000000000004,10.690000000000001,10.618181818181819
128,18,7.111111111111111,0.9130434782608695,0.34782608695652173,33.465,13.063333333333333,18.311111111111114
143,27,5.296296296296297,0.90625,0.125,56.798846153846185,11.796153846153846,10.4
142,25,5.68,0.9655172413793104,0.1724137931034483,46.10000000000002,13.040000000000003,14.8
76,11,6.909090909090909,1.0,0.26666666666666666,49.54272727272729,9.081818181818182,11.672727272727274
128,23,5.565217391304348,0.8076923076923077,0.23076923076923078,62.10739130434784,10.310434782608699,14.417391304347825
250,39,6.410256410256411,0.7916666666666666,0.2708333333333333,14.649210526315812,20.656315789473684,21.51578947368421
79,13,6.076923076923077,0.9444444444444444,0.2222222222222222,46.60500000000002,9.740000000000002,4.800000000000001
108,21,5.142857142857143,0.9259259259259259,0.1111111111111111,63.86500000000004,9.32,10.0
136,21,6.476190476190476,0.9230769230769231,0.2692307692307692,28.40571428571431,14.514285714285716,16.019047619047623
137,24,5.708333333333333,0.8928571428571429,0.32142857142857145,51.07260869565218,11.849565217391305,14.417391304347825
87,16,5.4375,0.7647058823529411,0.17647058823529413,37.25750000000002,12.037500000000005,13.9
106,18,5.888888888888889,0.9,0.25,56.965,9.785555555555558,13.866666666666669
97,14,6.928571428571429,0.9473684210526315,0.2631578947368421,23.42500000000001,13.470000000000002,19.885714285714286
151,24,6.291666666666667,0.9629629629629629,0.18518518518518517,48.525000000000034,12.453333333333333,12.933333333333335
51,9,5.666666666666667,0.9090909090909091,0.18181818181818182,66.10000000000002,6.2755555555555596,8.044444444444444
105,18,5.833333333333333,0.9565217391304348,0.21739130434782608,40.2858823529412,11.863529411764706,9.15294117647059
86,15,5.733333333333333,0.9411764705882353,0.17647058823529413,67.53000000000003,7.566666666666666,8.666666666666668
75,14,5.357142857142857,0.9375,0.1875,71.76785714285715,6.727142857142859,8.457142857142857
173,32,5.40625,0.8571428571428571,0.11428571428571428,58.03000000000003,13.115000000000002,16.55
163,26,6.269230769230769,0.8928571428571429,0.2857142857142857,40.529615384615425,14.065384615384616,16.553846153846155
123,24,5.125,0.92,0.16,66.15000000000003,9.995000000000001,12.933333333333335
74,13,5.6923076923076925,1.0,0.14285714285714285,69.99384615384618,6.726153846153846,8.276923076923078
80,15,5.333333333333333,0.9411764705882353,0.17647058823529413,78.81000000000003,5.993333333333336,8.666666666666668
98,18,5.444444444444445,0.8947368421052632,0.2631578947368421,56.965,9.785555555555558,13.866666666666669
56,10,5.6,1.0,0.18181818181818182,86.70500000000001,3.650000000000002,4.0
112,21,5.333333333333333,0.9230769230769231,0.11538461538461539,78.24500000000002,4.830000000000002,8.0
85,14,6.071428571428571,0.9375,0.3125,59.68214285714288,8.412857142857145,8.457142857142857
160,29,5.517241379310345,0.7352941176470589,0.20588235294117646,78.34508620689657,5.933965517241379,5.800000000000001
67,11,6.090909090909091,1.0,0.3333333333333333,41.8518181818182,10.154545454545456,11.672727272727274
87,14,6.214285714285714,0.9375,0.25,60.74428571428575,6.525714285714287,11.371428571428572
144,25,5.76,1.0,0.25,53.655,8.756666666666668,13.133333333333333
99,17,5.823529411764706,0.9130434782608695,0.13043478260869565,58.4075,9.087500000000002,8.9
43,9,4.777777777777778,1.0,0.1,75.50000000000003,4.964444444444446,8.044444444444444
142,26,5.461538461538462,0.8484848484848485,0.18181818181818182,69.8142307692308,9.98076923076923,13.476923076923079
95,15,6.333333333333333,0.9375,0.25,33.690000000000026,12.286666666666669,16.666666666666668
108,16,6.75,0.85,0.35,31.97,12.775000000000002,18.900000000000002
166,27,6.148148148148148,0.8181818181818182,0.21212121212121213,59.83333333333337,7.149629629629633,9.525925925925927
54,9,6.0,1.0,0.4,37.900000000000034,10.208888888888893,8.044444444444444
226,39,5.794871794871795,0.9,0.2,17.57307692307694,20.49692307692308,21.753846153846155
206,34,6.0588235294117645,0.8918918918918919,0.2702702702702703,42.93676470588238,15.71705882352941,17.129411764705885
117,19,6.157894736842105,0.92,0.24,33.465,13.063333333333333,9.422222222222222
144,26,5.538461538461538,0.7666666666666667,0.2,47.037307692307735,13.157692307692308,16.553846153846155
159,24,6.625,0.9,0.23333333333333334,16.80000000000004,16.878333333333334,16.26666666666667
226,40,5.65,0.8913043478260869,0.1956521739130435,34.92692307692309,18.07641025641026,18.676923076923078
147,23,6.391304347826087,0.8125,0.25,34.532272727272726,13.90818181818182,14.254545454545458
101,20,5.05,0.9230769230769231,0.07692307692307693,89.5921052631579,5.483157894736845,9.705263157894738
78,12,6.5,1.0,0.3333333333333333,39.55500000000001,10.723333333333333,14.8
185,30,6.166666666666667,0.9444444444444444,0.2222222222222222,50.045000000000016,8.763333333333339,12.0
148,25,5.92,0.8888888888888888,0.3333333333333333,22.412000000000035,16.344,19.6
81,13,6.230769230769231,1.0,0.2857142857142857,43.963076923076954,10.356923076923078,14.430769230769233
96,14,6.857142857142857,0.9,0.3,44.98404761904763,8.144285714285715,7.5809523809523816
148,21,7.0476190476190474,0.8333333333333334,0.375,4.234285714285733,17.88571428571429,19.82857142857143
75,13,5.769230769230769,1.0,0.2,69.99384615384618,6.726153846153846,11.353846153846156
322,53,6.0754716981132075,0.8032786885245902,0.19672131147540983,12.572075471698128,24.67245283018868,26.483018867924528
120,22,5.454545454545454,0.8333333333333334,0.20833333333333334,53.759545454545474,11.22636363636364,14.254545454545458
115,17,6.764705882352941,0.8333333333333334,0.3888888888888889,20.380000000000024,14.64,18.56470588235294
67,12,5.583333333333333,0.9230769230769231,0.23076923076923078,60.70500000000001,7.773333333333333,11.466666666666669
254,46,5.521739130434782,0.7358490566037735,0.1509433962264151,27.680000000000035,20.57777777777778,25.111111111111114
247,39,6.333333333333333,0.8095238095238095,0.3333333333333333,17.57307692307694,20.49692307692308,23.805128205128206
57,10,5.7,1.0,0.18181818181818182,78.24500000000002,4.830000000000002,4.0
114,20,5.7,0.96,0.16,45.06578947368425,11.693684210526317,9.705263157894738
173,31,5.580645161290323,0.8529411764705882,0.2647058823529412,41.64741935483872,15.151612903225807,16.270967741935486
204,30,6.8,0.8048780487804879,0.21951219512195122,31.537931034482796,16.0648275862069,18.49655172413793
121,20,6.05,0.96,0.2,51.17500000000004,11.090000000000003,14.0
88,13,6.769230769230769,0.9444444444444444,0.2777777777777778,30.947692307692336,12.172307692307694,11.353846153846156
189,34,5.5588235294117645,0.7837837837837838,0.16216216216216217,52.889705882352956,14.328823529411768,14.776470588235293
70,13,5.384615384615385,0.9333333333333333,0.2,50.470769230769264,9.44923076923077,11.353846153846156
251,43,5.837209302325581,0.8478260869565217,0.21739130434782608,35.30627906976744,19.017209302325586,21.851162790697675
70,12,5.833333333333333,1.0,0.21428571428571427,67.75500000000001,6.790000000000003,11.466666666666669
86,16,5.375,0.8823529411764706,0.23529411764705882,74.27000000000001,6.8750000000000036,8.9
65,12,5.416666666666667,1.0,0.15384615384615385,74.805,5.806666666666668,4.800000000000001
106,16,6.625,0.8947368421052632,0.3157894736842105,26.682500000000005,13.5125,18.900000000000002
223,34,6.5588235294117645,0.7435897435897436,0.3333333333333333,28.007352941176492,17.799411764705884,19.482352941176472
90,13,6.923076923076923,0.9411764705882353,0.35294117647058826,18.405,13.673333333333336,11.466666666666669
271,42,6.4523809523809526,0.8148148148148148,0.2037037037037037,35.22487804878051,18.531707317073174,19.326829268292684
39,6,6.5,1.0,0.2857142857142857,31.545000000000016,10.350000000000001,9.066666666666668
81,14,5.785714285714286,0.875,0.25,66.7871428571429,5.682857142857145,8.514285714285714
195,33,5.909090909090909,0.725,0.175,45.18875,10.931250000000002,13.9
101,14,7.214285714285714,0.9411764705882353,0.47058823529411764,23.42500000000001,13.470000000000002,17.02857142857143
155,26,5.961538461538462,0.8787878787878788,0.21212121212121213,43.963076923076954,10.356923076923078,12.892307692307691
140,24,5.833333333333333,0.8620689655172413,0.13793103448275862,30.900000000000034,14.911666666666669,14.600000000000001
139,22,6.318181818181818,0.84,0.28,38.37772727272727,13.371818181818181,14.254545454545458
126,20,6.3,1.0,0.2916666666666667,25.795000000000044,14.630000000000003,14.0
246,38,6.473684210526316,0.6346153846153846,0.21153846153846154,55.94675438596494,8.60263157894737,9.27719298245614
64,12,5.333333333333333,1.0,0.14285714285714285,67.75500000000001,6.790000000000003,11.466666666666669
113,16,7.0625,0.8695652173913043,0.2608695652173913,22.410000000000025,13.860000000000003,16.666666666666668
98,15,6.533333333333333,0.9375,0.25,39.33000000000001,11.500000000000004,11.333333333333336
96,13,7.384615384615385,0.9333333333333333,0.3333333333333333,24.440000000000026,13.080000000000002,11.353846153846156
97,17,5.705882352941177,0.8,0.2,45.26235294117649,11.169411764705881,11.505882352941178
191,31,6.161290322580645,0.8611111111111112,0.16666666666666666,38.91838709677421,15.532258064516128,16.270967741935486
46,9,5.111111111111111,1.0,0.2,47.30000000000004,8.89777777777778,8.044444444444444
67,12,5.583333333333333,1.0,0.3076923076923077,46.60500000000002,9.740000000000002,18.133333333333336
251,40,6.275,0.8536585365853658,0.24390243902439024,-0.8499999999999943,23.315,24.0
200,32,6.25,0.875,0.225,33.46032258064517,16.293548387096777,18.851612903225806
93,16,5.8125,0.9473684210526315,0.2631578947368421,50.610000000000014,9.92666666666667,8.666666666666668
125,21,5.9523809523809526,0.875,0.20833333333333334,28.40571428571431,14.514285714285716,17.923809523809524
60,10,6.0,1.0,0.21428571428571427,44.405,9.55,4.0
92,16,5.75,0.95,0.2,63.69500000000001,8.350000000000005,13.9
50,8,6.25,1.0,0.2,82.39000000000001,3.7550000000000026,3.2
155,28,5.535714285714286,0.84375,0.21875,36.40785714285718,15.137142857142859,16.914285714285715
195,33,5.909090909090909,0.7894736842105263,0.23684210526315788,29.77636363636364,17.304242424242428,19.260606060606065
86,14,6.142857142857143,0.8235294117647058,0.29411764705882354,59.68214285714288,8.412857142857145,11.314285714285715
95,15,6.333333333333333,0.8235294117647058,0.35294117647058826,22.410000000000025,13.860000000000003,14.0
72,11,6.545454545454546,1.0,0.23076923076923078,34.160909090909115,11.22727272727273,11.672727272727274
216,36,6.0,0.868421052631579,0.23684210526315788,24.595000000000027,18.772222222222222,22.177777777777777
158,27,5.851851851851852,0.8387096774193549,0.12903225806451613,38.43000000000001,14.60666666666667,16.725925925925928
155,26,5.961538461538462,0.90625,0.28125,32.56400000000002,14.928,19.6
86,13,6.615384615384615,0.8823529411764706,0.29411764705882354,17.932307692307717,13.98769230769231,17.50769230769231
78,12,6.5,1.0,0.25,60.70500000000001,7.773333333333333,11.466666666666669
74,16,4.625,0.9411764705882353,0.0,100.70750000000001,3.1875000000000036,6.4
87,14,6.214285714285714,0.9411764705882353,0.23529411764705882,29.467857142857156,12.62714285714286,14.171428571428573
138,23,6.0,1.0,0.1111111111111111,36.35956521739132,13.901739130434787,14.417391304347825
135,24,5.625,0.896551724137931,0.13793103448275862,55.57500000000003,11.470000000000002,14.600000000000001
145,23,6.304347826086956,0.92,0.32,29.003043478260906,14.927826086956525,17.895652173913046
145,25,5.8,0.9333333333333333,0.2,34.42500000000004,14.420000000000002,16.26666666666667
82,15,5.466666666666667,0.9411764705882353,0.23529411764705882,67.53000000000003,7.566666666666666,11.333333333333336
104,15,6.933333333333334,0.9047619047619048,0.2857142857142857,16.77000000000001,14.646666666666672,14.0
69,13,5.3076923076923075,1.0,0.1875,76.50153846153849,5.818461538461541,5.2
156,21,7.428571428571429,0.88,0.4,8.262857142857143,17.323809523809526,19.82857142857143
141,24,5.875,0.8846153846153846,0.2692307692307692,30.900000000000034,14.911666666666669,16.26666666666667
169,26,6.5,0.8,0.3,30.76807692307696,15.426923076923078,18.092307692307692
281,43,6.534883720930233,0.7916666666666666,0.3541666666666667,13.66441860465116,22.035813953488375,23.711627906976744
112,16,7.0,1.0,0.3684210526315789,31.97,12.775000000000002,16.400000000000002
302,53,5.69811320754717,0.65625,0.1875,52.58012820512823,10.23153846153846,11.548717948717949
129,19,6.7894736842105265,0.9523809523809523,0.3333333333333333,13.897368421052647,16.04105263157895,16.02105263157895
118,22,5.363636363636363,0.9583333333333334,0.16666666666666666,49.91409090909093,11.762727272727272,16.072727272727274
125,23,5.434782608695652,0.8,0.24,47.39434782608697,12.362608695652174,17.895652173913046
113,21,5.380952380952381,0.8260869565217391,0.13043478260869565,84.8057142857143,6.647619047619049,8.4
177,33,5.363636363636363,0.9,0.125,55.38625000000003,13.48375,15.3
61,11,5.545454545454546,1.0,0.16666666666666666,72.61545454545457,5.863636363636363,8.036363636363637
118,22,5.363636363636363,0.8620689655172413,0.10344827586206896,72.9868181818182,8.544545454545453,10.618181818181819
97,18,5.388888888888889,0.9523809523809523,0.19047619047619047,45.26235294117649,11.169411764705881,13.858823529411765
167,26,6.423076923076923,0.90625,0.25,30.76807692307696,15.426923076923078,15.015384615384617
98,19,5.157894736842105,0.9545454545454546,0.13636363636363635,58.42368421052632,9.830526315789477,9.705263157894738
79,12,6.583333333333333,1.0,0.25,60.70500000000001,7.773333333333333,11.466666666666669
199,39,5.102564102564102,0.7727272727272727,0.09090909090909091,56.61923076923078,15.05076923076923,15.600000000000001
136,24,5.666666666666667,0.8620689655172413,0.2413793103448276,59.10000000000004,10.978333333333332,14.600000000000001
127,20,6.35,0.7727272727272727,0.36363636363636365,25.795000000000044,14.630000000000003,20.0
119,22,5.409090909090909,0.9259259259259259,0.14814814814814814,64.66285714285716,9.457142857142859,12.20952380952381
177,28,6.321428571428571,0.7272727272727273,0.2727272727272727,30.365000000000038,15.98,19.771428571428572
80,14,5.714285714285714,0.9375,0.25,59.68214285714288,8.412857142857145,11.314285714285715
155,28,5.535714285714286,0.8666666666666667,0.2,63.600714285714304,11.344285714285714,15.485714285714288
121,21,5.761904761904762,0.9565217391304348,0.21739130434782608,64.66285714285716,9.457142857142859,14.114285714285714
77,14,5.5,0.9473684210526315,0.15789473684210525,50.470769230769264,9.44923076923077,8.276923076923078
117,17,6.882352941176471,0.9523809523809523,0.3333333333333333,15.403529411764737,15.334117647058822,16.211764705882356
210,36,5.833333333333333,0.7441860465116279,0.23255813953488372,38.69500000000002,16.80555555555556,19.955555555555556
78,12,6.5,0.9411764705882353,0.23529411764705882,32.504999999999995,11.706666666666667,14.8
119,20,5.95,0.8571428571428571,0.2857142857142857,40.17500000000001,10.140000000000004,16.0
236,34,6.9411764705882355,0.6578947368421053,0.47368421052631576,25.35647058823531,13.945882352941176,13.858823529411765
162,25,6.48,0.8125,0.3125,56.24866666666668,7.484000000000002,8.133333333333335
90,16,5.625,0.8888888888888888,0.2222222222222222,58.4075,9.087500000000002,13.9
106,19,5.578947368421052,1.0,0.14285714285714285,53.97105263157897,10.451578947368422,11.810526315789474
176,29,6.068965517241379,0.9142857142857143,0.2571428571428571,21.30071428571432,17.244285714285713,16.914285714285715
177,32,5.53125,0.7647058823529411,0.17647058823529413,47.45500000000003,14.590000000000003,19.05
107,17,6.294117647058823,1.0,0.14285714285714285,75.12117647058825,7.004705882352944,9.15294117647059
98,18,5.444444444444445,0.85,0.15,61.665000000000006,9.130000000000003,11.644444444444446
82,13,6.3076923076923075,0.9444444444444444,0.2222222222222222,37.455384615384645,11.264615384615386,5.2
84,15,5.6,0.9473684210526315,0.15789473684210525,67.53000000000003,7.566666666666666,8.666666666666668
64,10,6.4,1.0,0.25,44.405,9.55,12.0
159,24,6.625,0.9655172413793104,0.2413793103448276,27.37500000000003,15.403333333333332,16.26666666666667
244,34,7.176470588235294,0.6829268292682927,0.34146341463414637,23.030882352941205,18.493529411764708,23.011764705882356
80,14,5.714285714285714,1.0,0.26666666666666666,59.68214285714288,8.412857142857145,8.457142857142857
124,19,6.526315789473684,0.7692307692307693,0.3076923076923077,33.465,13.063333333333333,11.644444444444446
73,13,5.615384615384615,1.0,0.06666666666666667,63.57596153846157,6.006538461538462,5.676923076923078
35,5,7.0,1.0,0.3333333333333333,200.0,20.0,20.0
102,17,6.0,0.8947368421052632,0.2631578947368421,45.26235294117649,11.169411764705881,13.858823529411765
150,25,6.0,0.8,0.2,42.71600000000004,13.512,19.6
50,10,5.0,1.0,0.08333333333333333,86.70500000000001,3.650000000000002,4.0
121,22,5.5,0.8620689655172413,0.13793103448275862,56.6057142857143,10.580952380952379,10.304761904761905
225,35,6.428571428571429,0.926829268292683,0.2682926829268293,16.612857142857166,19.63714285714286,23.142857142857146
84,14,6.0,0.9333333333333333,0.26666666666666666,47.59642857142859,10.098571428571429,8.457142857142857
71,11,6.454545454545454,0.9166666666666666,0.25,34.160909090909115,11.22727272727273,11.672727272727274
118,21,5.619047619047619,0.9090909090909091,0.18181818181818182,64.66285714285716,9.457142857142859,10.304761904761905
234,40,5.85,0.7391304347826086,0.1956521739130435,22.41500000000002,20.070000000000004,23.0
74,13,5.6923076923076925,0.875,0.1875,63.486153846153854,7.633846153846157,8.276923076923078
299,49,6.1020408163265305,0.7924528301886793,0.2830188679245283,36.59544217687079,12.212653061224493,13.063945578231293
88,15,5.866666666666666,0.95,0.2,47.59642857142859,10.098571428571429,8.457142857142857
126,24,5.25,0.896551724137931,0.13793103448275862,81.13641304347829,4.799347826086958,9.817391304347826
115,18,6.388888888888889,0.9047619047619048,0.23809523809523808,47.565,11.096666666666668,13.866666666666669
95,16,5.9375,1.0,0.15789473684210525,53.120000000000005,9.825,11.4
189,29,6.517241379310345,0.8387096774193549,0.45161290322580644,5.282758620689691,19.726896551724135,24.01379310344828
107,17,6.294117647058823,0.7894736842105263,0.3684210526315789,50.2388235294118,10.47529411764706,16.211764705882356
57,10,5.7,1.0,0.21428571428571427,35.94500000000002,10.73,8.0
74,11,6.7272727272727275,0.9285714285714286,0.21428571428571427,41.8518181818182,10.154545454545456,15.30909090909091
53,9,5.888888888888889,1.0,0.3,66.10000000000002,6.2755555555555596,12.488888888888889
106,20,5.3,0.9523809523809523,0.19047619047619047,68.09500000000004,8.73,12.0
88,13,6.769230769230769,0.9375,0.3125,50.470769230769264,9.44923076923077,11.353846153846156
126,22,5.7272727272727275,0.92,0.2,65.29590909090909,9.61727272727273,12.436363636363637
88,16,5.5,0.9411764705882353,0.29411764705882354,68.9825,7.612500000000001,8.9
325,51,6.372549019607843,0.6949152542372882,0.288135593220339,-5.835882352941127,26.743137254901963,30.596078431372547
65,13,5.0,0.9285714285714286,0.14285714285714285,76.50153846153849,5.818461538461541,8.276923076923078
102,17,6.0,0.9047619047619048,0.14285714285714285,70.14470588235295,7.698823529411765,9.15294117647059
119,19,6.2631578947368425,0.9545454545454546,0.2727272727272727,45.80302631578948,9.230789473684215,12.22105263157895
84,14,6.0,0.9411764705882353,0.17647058823529413,66.7871428571429,5.682857142857145,8.514285714285714
113,20,5.65,0.8181818181818182,0.3181818181818182,42.71500000000003,12.270000000000003,18.0
40,8,5.0,1.0,0.1111111111111111,61.24000000000001,6.705000000000002,8.200000000000001
130,18,7.222222222222222,0.8461538461538461,0.23076923076923078,28.765000000000015,13.718888888888891,16.08888888888889
213,36,5.916666666666667,0.7872340425531915,0.19148936170212766,33.99500000000003,17.461111111111112,17.733333333333334
183,34,5.382352941176471,0.8,0.2,65.16823529411766,8.39294117647059,10.329411764705883
156,28,5.571428571428571,0.9696969696969697,0.18181818181818182,45.4721428571429,13.872857142857146,14.057142857142859
67,13,5.153846153846154,1.0,0.125,60.70500000000001,7.773333333333333,8.133333333333335
99,16,6.1875,0.9523809523809523,0.23809523809523808,22.410000000000025,13.860000000000003,14.0
278,44,6.318181818181818,0.84,0.28,14.125000000000028,22.220000000000002,25.78181818181818
118,20,5.9,0.9166666666666666,0.20833333333333334,59.63500000000003,9.910000000000004,12.0
160,26,6.153846153846154,0.8571428571428571,0.32142857142857145,24.260384615384652,16.334615384615386,21.16923076923077
179,25,7.16,0.8620689655172413,0.3793103448275862,21.563500000000005,13.357000000000003,14.600000000000001
78,12,6.5,0.7692307692307693,0.3076923076923077,18.405,13.673333333333336,18.133333333333336
185,30,6.166666666666667,0.8484848484848485,0.24242424242424243,32.565000000000026,16.170000000000005,18.666666666666668
169,32,5.28125,0.8333333333333334,0.19444444444444445,44.81125000000003,14.958750000000002,19.05
134,26,5.153846153846154,0.8387096774193549,0.0967741935483871,66.56038461538463,10.434615384615388,13.476923076923079
67,12,5.583333333333333,1.0,0.21428571428571427,67.75500000000001,6.790000000000003,8.133333333333335
193,33,5.848484848484849,0.8285714285714286,0.17142857142857143,50.285454545454556,14.443636363636365,15.624242424242425
251,39,6.435897435897436,0.6590909090909091,0.3409090909090909,21.91153846153847,19.891794871794875,22.77948717948718
290,45,6.444444444444445,0.7321428571428571,0.2857142857142857,30.686818181818182,14.444545454545459,16.072727272727274
259,36,7.194444444444445,0.8,0.375,-13.004999999999967,24.01666666666667,28.84444444444445
175,28,6.25,0.7777777777777778,0.2777777777777778,48.49357142857144,13.451428571428576,18.342857142857145
71,12,5.916666666666667,1.0,0.1875,53.655,8.756666666666668,4.800000000000001
152,24,6.333333333333333,0.896551724137931,0.3103448275862069,41.47500000000002,13.436666666666667,14.600000000000001
216,32,6.75,0.8974358974358975,0.28205128205128205,21.01750000000004,18.277500000000007,20.3
115,16,7.1875,0.9444444444444444,0.3888888888888889,10.820000000000022,15.725000000000005,21.400000000000002
83,13,6.384615384615385,0.8666666666666667,0.3333333333333333,50.470769230769264,9.44923076923077,14.430769230769233
57,10,5.7,1.0,0.16666666666666666,27.485000000000014,11.91,4.0
214,35,6.114285714285714,0.8780487804878049,0.21951219512195122,33.532857142857154,17.27714285714286,19.714285714285715
39,8,4.875,1.0,0.0,92.965,2.280000000000001,3.2
131,23,5.695652173913044,0.96,0.2,51.07260869565218,11.849565217391305,14.417391304347825
234,41,5.7073170731707314,0.6382978723404256,0.1702127659574468,37.288292682926865,18.243902439024392,22.253658536585366
111,21,5.285714285714286,0.9166666666666666,0.20833333333333334,68.69142857142859,8.895238095238096,10.304761904761905
143,23,6.217391304347826,1.0,0.25925925925925924,29.003043478260906,14.927826086956525,14.417391304347825
83,14,5.928571428571429,0.9473684210526315,0.15789473684210525,50.470769230769264,9.44923076923077,11.353846153846156
242,36,6.722222222222222,0.7555555555555555,0.3111111111111111,28.765000000000015,13.718888888888891,17.2
123,21,5.857142857142857,0.8636363636363636,0.22727272727272727,48.54857142857145,11.704761904761906,16.019047619047623
150,23,6.521739130434782,0.9310344827586207,0.20689655172413793,51.07260869565218,11.849565217391305,14.417391304347825
49,10,4.9,0.9230769230769231,0.07692307692307693,95.165,2.4700000000000024,4.0
167,26,6.423076923076923,0.8787878787878788,0.18181818181818182,40.529615384615425,14.065384615384616,15.015384615384617
76,16,4.75,0.8888888888888888,0.1111111111111111,90.13250000000001,4.662500000000001,6.4
151,25,6.04,0.8125,0.25,49.48400000000001,12.568000000000001,13.200000000000001
61,12,5.083333333333333,1.0,0.14285714285714285,74.805,5.806666666666668,8.133333333333335
160,23,6.956521739130435,0.7714285714285715,0.3142857142857143,7.614090909090919,17.66272727272727,23.345454545454547
213,35,6.085714285714285,0.9230769230769231,0.23076923076923078,53.712500000000034,10.115000000000002,12.714285714285715
153,25,6.12,0.8888888888888888,0.2962962962962963,29.180000000000007,15.400000000000002,21.200000000000003
157,25,6.28,0.8709677419354839,0.2903225806451613,29.180000000000007,15.400000000000002,13.200000000000001
107,19,5.631578947368421,1.0,0.23809523809523808,67.32894736842107,8.588421052631581,9.705263157894738
