char_count,word_count,avg_word_length,ttr,lex_density_proxy,flesch_ease,flesch_grade,gunning_fog,num_subord_clauses,num_conj_clauses,avg_dep_dist,max_dep_dist,num_verbs,num_nouns,num_adjectives,num_adverbs,num_prepositions,num_conjunctions,ollama_llm_rating
168,27,6.222222222222222,0.8333333333333334,0.2666666666666666,32.163333333333355,15.480740740740742,18.20740740740741,1,0,2.933333333333333,22,3,9,2,1,3,4,4.0
126,22,5.727272727272728,0.8928571428571429,0.25,34.532272727272726,13.90818181818182,17.89090909090909,0,0,2.607142857142857,13,3,8,1,2,4,0,5.0
157,25,6.28,0.925925925925926,0.2592592592592592,46.10000000000002,13.040000000000004,19.6,0,0,3.129032258064516,28,4,8,1,0,5,0,3.0
195,31,6.290322580645161,0.8571428571428571,0.2857142857142857,36.18935483870968,15.912903225806453,16.270967741935486,0,0,2.742857142857143,31,4,13,0,0,6,1,5.0
90,16,5.625,0.8947368421052632,0.2105263157894736,68.9825,7.612500000000001,6.4,0,0,2.736842105263158,15,2,8,0,0,1,1,5.0
81,14,5.785714285714286,0.9375,0.1875,53.63928571428573,9.255714285714287,14.171428571428573,0,0,2.3125,10,1,5,0,0,3,0,2.0
129,23,5.608695652173913,0.8846153846153846,0.1923076923076923,43.71608695652176,12.875652173913045,14.417391304347824,0,3,3.730769230769231,18,3,5,2,1,3,3,3.0
81,12,6.75,1.0,0.3846153846153846,39.55500000000001,10.723333333333333,11.466666666666669,0,0,2.0,6,1,4,2,0,2,1,3.0
30,7,4.285714285714286,1.0,0.0,90.95857142857145,2.3114285714285714,8.514285714285714,0,0,2.5,8,0,4,0,0,1,0,3.0
155,25,6.2,0.78125,0.15625,46.10000000000002,13.040000000000004,11.6,0,1,3.875,29,2,12,1,0,3,3,5.0
210,38,5.526315789473684,0.825,0.225,32.459736842105286,18.1721052631579,21.51578947368421,0,1,3.575,38,5,12,1,1,6,2,4.0
62,11,5.636363636363637,1.0,0.2307692307692307,62.81613636363636,5.864090909090912,5.836363636363637,0,0,2.357142857142857,7,1,5,0,1,2,0,3.0
77,12,6.416666666666667,1.0,0.2142857142857142,46.60500000000002,9.740000000000002,11.466666666666669,0,0,2.357142857142857,8,2,3,2,0,2,1,5.0
133,22,6.045454545454546,0.9166666666666666,0.375,26.84136363636364,14.98090909090909,17.89090909090909,0,1,3.0416666666666665,11,2,8,2,0,1,1,2.0
119,20,5.95,0.8333333333333334,0.2083333333333333,65.555,6.600000000000005,12.0,0,1,3.16,17,2,5,1,2,4,2,4.0
77,15,5.133333333333334,1.0,0.1666666666666666,84.45000000000003,5.206666666666667,6.0,0,0,2.333333333333333,9,1,4,2,0,2,0,2.0
61,11,5.545454545454546,1.0,0.1666666666666666,64.9245454545455,6.936363636363637,8.036363636363637,0,0,2.9166666666666665,10,0,4,2,0,2,0,4.0
59,11,5.363636363636363,1.0,0.0666666666666666,80.30636363636367,4.790909090909089,4.4,0,0,2.1333333333333333,8,0,5,2,0,1,0,5.0
167,29,5.758620689655173,0.7878787878787878,0.2424242424242424,46.2554310344828,10.409827586206898,12.696551724137931,0,0,3.6176470588235294,17,4,12,0,0,5,0,1.0
159,27,5.888888888888889,0.9333333333333332,0.3,35.29666666666668,15.043703703703706,15.244444444444447,1,0,3.0625,15,3,9,2,0,4,1,4.0
181,29,6.241379310344827,0.8857142857142857,0.2,43.20689655172416,14.437241379310349,17.117241379310343,0,1,2.942857142857143,28,5,9,3,0,5,3,3.0
109,16,6.8125,0.8947368421052632,0.3157894736842105,53.120000000000005,9.825,8.9,1,0,3.473684210526316,17,1,8,1,0,2,1,5.0
119,19,6.2631578947368425,0.7241379310344828,0.1034482758620689,80.18561403508772,3.64842105263158,4.63859649122807,0,0,3.633333333333333,28,1,16,0,0,0,1,4.0
139,20,6.95,1.0,0.3333333333333333,21.565000000000023,15.220000000000002,16.0,0,0,5.115384615384615,22,3,7,1,2,4,0,1.0
78,15,5.2,0.9411764705882352,0.1176470588235294,73.17000000000003,6.780000000000001,8.666666666666668,0,0,2.588235294117647,10,2,4,2,0,1,1,1.0
102,17,6.0,0.7777777777777778,0.2777777777777778,45.26235294117649,11.16941176470588,13.858823529411763,0,0,2.9444444444444446,16,1,7,1,0,2,2,3.0
131,20,6.55,1.0,0.2608695652173913,25.795000000000044,14.630000000000004,18.0,1,0,2.608695652173913,18,3,7,1,2,3,1,3.0
93,16,5.8125,0.8421052631578947,0.1052631578947368,53.120000000000005,9.825,11.4,0,0,3.0,16,2,7,0,1,2,0,2.0
110,16,6.875,0.8947368421052632,0.3684210526315789,53.120000000000005,9.825,11.4,0,0,2.9565217391304346,12,0,10,1,0,3,1,4.0
48,8,6.0,1.0,0.1111111111111111,50.66500000000002,8.180000000000003,8.200000000000001,0,0,2.333333333333333,7,1,4,0,0,1,0,4.0
51,9,5.666666666666667,1.0,0.3,66.10000000000002,6.27555555555556,8.044444444444444,0,0,1.9,8,0,3,1,1,1,1,3.0
105,17,6.176470588235294,0.9473684210526316,0.2631578947368421,55.21529411764709,9.781176470588235,11.505882352941178,0,0,2.5789473684210527,17,2,6,2,1,3,0,4.0
214,33,6.484848484848484,0.7954545454545454,0.2727272727272727,45.158181818181845,15.15878787878788,18.04848484848485,0,0,4.479166666666667,45,2,17,1,1,6,1,4.0
166,29,5.724137931034483,0.9428571428571428,0.2285714285714285,48.49357142857144,13.451428571428576,12.62857142857143,0,0,2.914285714285714,21,1,11,2,2,3,1,1.0
78,12,6.5,1.0,0.1052631578947368,53.655,8.756666666666668,8.133333333333335,0,0,4.105263157894737,16,1,6,1,0,2,0,3.0
245,33,7.424242424242424,0.9230769230769232,0.4102564102564102,9.26727272727274,20.164848484848488,24.10909090909091,0,2,4.744186046511628,41,4,15,7,1,5,2,5.0
146,22,6.636363636363637,0.84,0.32,34.532272727272726,13.90818181818182,17.89090909090909,0,1,3.32,12,4,8,1,1,2,2,3.0
123,23,5.3478260869565215,0.92,0.16,62.10739130434784,10.3104347826087,12.678260869565218,0,3,3.6,14,5,7,1,2,1,3,5.0
63,11,5.727272727272728,1.0,0.1666666666666666,57.23363636363638,8.009090909090911,8.036363636363637,0,0,2.4166666666666665,10,0,4,0,0,3,0,1.0
155,25,6.2,0.8928571428571429,0.25,29.180000000000007,15.400000000000002,16.400000000000002,0,1,3.5,23,2,7,3,4,3,1,2.0
112,17,6.588235294117647,1.0,0.3,45.26235294117649,11.16941176470588,9.15294117647059,0,0,2.35,14,3,7,0,2,0,1,4.0
139,24,5.791666666666667,0.925925925925926,0.1481481481481481,53.655,8.756666666666668,11.466666666666669,0,1,2.925925925925926,24,3,8,2,2,2,2,1.0
106,21,5.047619047619048,0.8695652173913043,0.0869565217391304,72.72000000000003,8.333333333333332,10.304761904761904,0,0,2.9130434782608696,18,2,6,1,1,3,2,4.0
166,27,6.148148148148148,0.8666666666666667,0.1666666666666666,50.96333333333334,12.858518518518522,15.244444444444447,1,1,2.833333333333333,19,2,5,4,0,4,3,2.0
149,25,5.96,0.7857142857142857,0.25,39.33200000000002,13.984000000000002,18.0,0,2,3.071428571428572,26,3,4,2,4,2,3,3.0
106,15,7.066666666666666,0.9411764705882352,0.3529411764705882,22.410000000000025,13.860000000000005,19.333333333333336,0,2,2.473684210526316,16,3,3,2,1,2,2,1.0
91,16,5.6875,0.9473684210526316,0.2105263157894736,68.9825,7.612500000000001,11.4,0,0,2.789473684210526,17,1,6,1,1,3,0,2.0
180,29,6.206896551724138,0.8709677419354839,0.2903225806451613,19.868965517241406,17.69241379310345,21.255172413793105,0,0,3.612903225806452,29,2,12,2,0,5,0,5.0
70,13,5.384615384615385,1.0,0.1333333333333333,76.50153846153849,5.818461538461541,5.2,0,0,2.2,13,1,6,0,1,2,0,2.0
140,26,5.384615384615385,0.896551724137931,0.1379310344827586,66.56038461538463,10.434615384615388,11.93846153846154,0,0,3.206896551724138,20,3,6,3,2,4,0,4.0
277,45,6.155555555555556,0.8627450980392157,0.2549019607843137,18.28000000000003,21.88888888888889,24.222222222222225,1,1,4.352941176470588,49,3,13,8,3,7,2,4.0
132,20,6.6,1.0,0.3043478260869565,46.94500000000005,11.68,14.0,1,0,3.4074074074074074,24,3,7,1,1,4,1,4.0
203,31,6.548387096774194,0.8108108108108109,0.2972972972972973,40.79182795698927,10.136774193548389,13.165591397849465,2,0,3.0,25,3,17,1,1,2,4,4.0
111,19,5.842105263157895,0.9523809523809524,0.1904761904761904,53.97105263157897,10.451578947368422,16.02105263157895,0,0,2.571428571428572,19,2,5,1,0,6,0,5.0
137,25,5.48,0.8076923076923077,0.1923076923076923,72.32350000000002,6.277000000000001,11.4,2,0,3.269230769230769,24,0,10,4,1,2,2,3.0
102,16,6.375,1.0,0.2,37.25750000000002,12.037500000000003,16.400000000000002,1,0,3.25,18,2,7,1,0,1,1,1.0
102,16,6.375,1.0,0.2631578947368421,37.25750000000002,12.037500000000003,16.400000000000002,0,0,2.6842105263157894,10,1,6,3,1,2,0,4.0
90,17,5.294117647058823,0.8888888888888888,0.0555555555555555,70.14470588235295,7.698823529411765,9.15294117647059,0,0,2.555555555555556,14,2,5,2,0,3,0,2.0
116,21,5.523809523809524,0.8461538461538461,0.1153846153846153,76.74857142857144,7.771428571428572,10.304761904761904,0,0,3.1923076923076925,24,1,10,2,0,3,1,4.0
175,31,5.645161290322581,0.8787878787878788,0.1818181818181818,44.37645161290325,14.770967741935486,18.851612903225806,1,0,3.090909090909091,27,3,5,2,3,3,1,2.0
103,17,6.0588235294117645,1.0,0.2105263157894736,40.2858823529412,11.863529411764706,13.858823529411763,0,1,3.473684210526316,17,3,4,0,2,3,2,2.0
35,7,5.0,1.0,0.125,90.95857142857145,2.3114285714285714,2.8000000000000003,0,0,1.875,4,1,2,0,0,0,1,4.0
304,53,5.735849056603773,0.676923076923077,0.1384615384615384,31.726792452830225,22.000754716981135,24.218867924528304,0,2,4.2615384615384615,61,9,11,2,4,7,3,5.0
91,15,6.066666666666666,0.9411764705882352,0.2941176470588235,50.610000000000014,9.92666666666667,14.0,0,0,2.294117647058824,11,1,3,4,2,1,0,2.0
88,16,5.5,0.8947368421052632,0.1052631578947368,53.120000000000005,9.825,11.4,0,0,2.8421052631578947,13,2,5,1,0,2,1,2.0
105,18,5.833333333333333,0.9473684210526316,0.2105263157894736,52.265000000000015,10.441111111111113,13.866666666666667,1,0,3.263157894736842,12,1,5,0,1,5,1,4.0
122,20,6.1,0.8333333333333334,0.2916666666666667,30.025000000000038,14.040000000000004,18.0,0,1,2.4166666666666665,15,2,9,1,0,2,1,2.0
54,7,7.714285714285714,1.0,0.4444444444444444,42.61571428571432,9.054285714285715,8.514285714285714,0,0,2.555555555555556,6,2,2,1,0,0,1,2.0
133,22,6.045454545454546,0.9230769230769232,0.1923076923076923,42.22318181818181,12.83545454545455,16.072727272727274,1,0,3.807692307692308,21,3,6,2,2,3,2,4.0
32,5,6.4,1.0,0.1428571428571428,200.0,20.0,20.0,0,0,2.142857142857143,5,0,3,1,0,0,0,4.0
139,24,5.791666666666667,0.96,0.24,30.900000000000038,14.911666666666669,19.6,0,0,3.16,22,3,6,4,1,3,1,1.0
30,5,6.0,1.0,0.1666666666666666,200.0,20.0,20.0,0,0,1.3333333333333333,3,1,2,0,0,0,0,5.0
127,21,6.047619047619048,0.8333333333333334,0.25,36.46285714285716,13.390476190476187,16.019047619047623,0,1,4.125,22,1,7,1,0,5,2,5.0
73,11,6.636363636363637,1.0,0.3846153846153846,34.160909090909115,11.22727272727273,15.30909090909091,0,0,2.6153846153846154,11,1,5,1,0,1,0,2.0
162,21,7.714285714285714,0.8275862068965517,0.3793103448275862,26.97750000000002,12.105,11.81904761904762,0,0,2.5517241379310347,21,2,15,3,0,0,1,5.0
28,5,5.6,1.0,0.1666666666666666,200.0,20.0,20.0,0,0,1.8333333333333333,4,1,1,1,1,0,0,2.0
107,18,5.944444444444445,0.7727272727272727,0.2272727272727272,47.565,11.096666666666668,13.866666666666667,0,0,2.6818181818181817,17,1,6,4,0,2,0,1.0
54,9,6.0,1.0,0.3,56.70000000000002,7.58666666666667,12.488888888888887,0,1,2.0,7,2,2,1,0,1,1,4.0
71,11,6.454545454545454,1.0,0.2307692307692307,49.54272727272729,9.081818181818182,11.672727272727274,0,0,2.6153846153846154,8,1,4,2,0,0,1,4.0
174,25,6.96,0.925925925925926,0.3333333333333333,8.876000000000005,18.232000000000003,22.8,0,0,2.6666666666666665,23,2,8,5,0,3,2,4.0
142,21,6.761904761904762,0.875,0.3333333333333333,20.34857142857146,15.638095238095236,19.82857142857143,1,1,3.458333333333333,21,3,7,1,1,1,2,5.0
139,23,6.043478260869565,0.9166666666666666,0.2916666666666667,40.03782608695653,13.388695652173912,16.156521739130437,0,0,3.1923076923076925,20,2,5,3,2,4,2,1.0
163,25,6.52,0.8666666666666667,0.3,35.94800000000001,14.456,18.0,0,1,3.2333333333333334,25,2,10,1,0,5,1,5.0
82,12,6.833333333333333,0.9333333333333332,0.3333333333333333,39.55500000000001,10.723333333333333,14.8,0,1,2.2666666666666666,13,3,4,1,0,2,1,5.0
125,20,6.25,0.9090909090909092,0.2272727272727272,46.94500000000005,11.68,14.0,0,0,2.590909090909091,15,1,10,2,0,4,1,1.0
36,7,5.142857142857143,0.875,0.125,78.87285714285717,3.997142857142858,2.8000000000000003,0,0,1.625,4,2,1,0,0,2,0,1.0
165,27,6.111111111111111,0.7241379310344828,0.2413793103448276,32.163333333333355,15.480740740740742,21.17037037037037,0,0,4.241379310344827,27,3,4,5,0,1,3,1.0
46,8,5.75,0.8888888888888888,0.2222222222222222,71.81500000000001,5.230000000000004,8.200000000000001,0,0,1.7777777777777777,5,1,2,0,0,2,0,1.0
146,25,5.84,0.8888888888888888,0.2222222222222222,52.01950000000002,9.109000000000002,11.4,0,0,3.571428571428572,25,2,11,2,2,4,0,4.0
74,13,5.6923076923076925,1.0,0.2857142857142857,56.97846153846157,8.541538461538462,11.353846153846156,0,0,2.857142857142857,12,1,7,0,1,1,0,3.0
211,28,7.535714285714286,0.9090909090909092,0.3636363636363636,27.343571428571465,16.40142857142857,16.914285714285715,0,1,4.057142857142857,33,4,13,1,0,4,1,3.0
36,7,5.142857142857143,1.0,0.25,78.87285714285717,3.997142857142858,2.8000000000000003,0,0,2.5,8,0,1,1,0,1,0,1.0
84,15,5.6,1.0,0.1111111111111111,73.17000000000003,6.780000000000001,8.666666666666668,0,0,3.1666666666666665,15,2,5,2,1,1,0,3.0
171,29,5.896551724137931,0.90625,0.25,43.20689655172416,14.437241379310349,18.49655172413793,0,1,4.617647058823529,32,3,7,2,2,5,2,3.0
116,18,6.444444444444445,0.95,0.3,42.86500000000001,11.752222222222224,13.866666666666667,1,0,2.4782608695652173,17,1,6,2,1,2,1,1.0
158,28,5.642857142857143,0.8387096774193549,0.2580645161290322,62.70357142857142,7.991428571428575,11.314285714285717,0,0,2.5625,18,2,14,0,1,5,1,3.0
97,16,6.0625,0.9411764705882352,0.2352941176470588,58.4075,9.087500000000002,11.4,0,0,3.3529411764705883,15,0,9,2,0,3,0,5.0
34,7,4.857142857142857,1.0,0.0,115.13000000000002,-1.0599999999999987,2.8000000000000003,0,0,2.0,4,1,1,1,1,0,0,2.0
41,9,4.555555555555555,1.0,0.0,103.70000000000002,1.0311111111111124,3.6,0,0,2.363636363636364,9,1,2,0,1,2,0,2.0
109,19,5.7368421052631575,1.0,0.1428571428571428,67.32894736842107,8.588421052631581,9.705263157894738,0,0,2.523809523809524,17,2,9,0,0,3,1,1.0
159,29,5.482758620689655,0.6842105263157895,0.131578947368421,74.49919540229887,5.269655172413795,9.383908045977012,0,0,3.4473684210526314,27,1,18,1,0,2,3,4.0
146,26,5.615384615384615,0.8484848484848485,0.1818181818181818,42.71600000000004,13.512,18.0,0,0,3.121212121212121,16,1,10,1,1,3,1,3.0
129,22,5.863636363636363,0.92,0.24,76.83227272727274,8.008181818181821,8.8,1,0,3.4444444444444446,20,3,6,2,1,3,1,4.0
98,14,7.0,0.9411764705882352,0.2941176470588235,23.42500000000001,13.470000000000002,17.02857142857143,0,0,2.526315789473684,10,2,7,1,0,1,1,2.0
126,23,5.478260869565218,0.7307692307692307,0.1923076923076923,62.10739130434784,10.3104347826087,12.678260869565218,0,0,3.423076923076923,23,1,12,0,0,4,1,1.0
66,10,6.6,1.0,0.3636363636363636,52.86500000000001,8.370000000000001,16.0,0,1,2.3846153846153846,10,4,2,1,0,0,2,5.0
152,25,6.08,0.8620689655172413,0.2758620689655172,58.78750000000002,8.165000000000003,11.4,0,0,3.4545454545454546,20,2,13,3,1,3,1,3.0
189,34,5.5588235294117645,0.8157894736842105,0.2105263157894736,65.16823529411766,8.39294117647059,11.505882352941178,1,1,3.025641025641025,25,4,13,1,0,3,2,4.0
77,13,5.923076923076923,0.9333333333333332,0.2666666666666666,63.486153846153854,7.633846153846157,8.276923076923078,0,0,2.4,9,1,4,1,1,0,1,3.0
108,20,5.4,0.9130434782608696,0.1739130434782608,59.63500000000003,9.910000000000004,10.0,0,0,2.8260869565217392,14,3,7,0,1,5,0,3.0
108,21,5.142857142857143,0.8181818181818182,0.1818181818181818,64.66285714285716,9.45714285714286,12.20952380952381,0,0,2.5454545454545454,19,2,6,1,0,4,3,1.0
59,9,6.555555555555555,1.0,0.2,37.900000000000034,10.208888888888891,12.488888888888887,0,1,2.0,8,2,3,1,0,1,1,3.0
90,16,5.625,1.0,0.1764705882352941,58.4075,9.087500000000002,8.9,0,0,2.294117647058824,15,2,7,0,0,3,0,5.0
96,17,5.647058823529412,0.9047619047619048,0.1904761904761904,55.21529411764709,9.781176470588235,11.505882352941178,0,0,3.809523809523809,19,0,9,0,0,2,2,3.0
137,24,5.708333333333333,0.7777777777777778,0.2962962962962963,27.37500000000003,15.403333333333332,17.933333333333334,0,0,3.2222222222222223,18,2,7,2,1,4,0,1.0
131,24,5.458333333333333,0.9230769230769232,0.2692307692307692,62.62500000000003,10.486666666666668,11.266666666666667,0,1,2.5,16,3,7,1,0,3,1,3.0
99,17,5.823529411764706,0.9090909090909092,0.1818181818181818,65.16823529411766,8.39294117647059,9.15294117647059,0,0,2.5454545454545454,15,2,7,0,0,3,1,2.0
115,18,6.388888888888889,0.95,0.3,33.465,13.063333333333333,16.08888888888889,0,0,3.076923076923077,24,2,8,4,0,2,1,3.0
110,17,6.470588235294118,0.9444444444444444,0.3333333333333333,30.332941176470623,13.251764705882357,16.211764705882356,0,0,2.888888888888889,15,2,4,3,2,1,0,1.0
138,23,6.0,0.88,0.32,32.681304347826114,14.414782608695656,19.63478260869565,0,1,3.32,23,3,9,2,0,3,2,2.0
72,13,5.538461538461538,1.0,0.1428571428571428,69.99384615384618,6.726153846153846,8.276923076923078,0,0,3.125,13,1,3,3,1,1,1,2.0
78,11,7.090909090909091,1.0,0.3333333333333333,26.470000000000027,12.3,15.30909090909091,1,1,2.25,10,3,2,2,0,1,2,4.0
73,12,6.083333333333333,0.9285714285714286,0.2857142857142857,74.805,5.806666666666668,8.133333333333335,0,0,2.071428571428572,10,1,5,0,1,0,1,5.0
67,10,6.7,1.0,0.1818181818181818,52.86500000000001,8.370000000000001,12.0,0,0,2.363636363636364,9,1,6,0,0,1,0,3.0
94,15,6.266666666666667,1.0,0.3157894736842105,23.42500000000001,13.470000000000002,17.02857142857143,0,0,2.526315789473684,9,3,6,0,0,0,1,1.0
116,18,6.444444444444445,0.95,0.35,38.16500000000002,12.407777777777778,16.08888888888889,0,0,2.6,12,0,8,2,0,3,1,4.0
97,17,5.705882352941177,1.0,0.2631578947368421,45.26235294117649,11.16941176470588,18.56470588235294,0,0,2.3157894736842106,12,1,6,1,0,4,0,5.0
300,48,6.25,0.6984126984126984,0.1746031746031746,22.402500000000003,22.059166666666663,22.53333333333333,0,0,4.603174603174603,60,2,23,4,2,6,2,4.0
101,17,5.941176470588236,0.95,0.2,55.21529411764709,9.781176470588235,11.505882352941178,0,0,2.7,18,1,7,2,0,2,2,5.0
106,17,6.235294117647059,0.9090909090909092,0.3181818181818182,42.545000000000016,11.3,8.9,0,0,2.9545454545454546,12,0,8,1,0,0,1,5.0
87,15,5.8,0.9411764705882352,0.1764705882352941,61.890000000000015,8.353333333333339,8.666666666666668,0,0,2.588235294117647,10,1,5,0,2,1,1,3.0
119,17,7.0,0.8571428571428571,0.238095238095238,35.309411764705914,12.55764705882353,13.858823529411763,0,0,2.9565217391304346,13,1,8,3,0,3,0,5.0
116,22,5.2727272727272725,0.8518518518518519,0.1111111111111111,72.9868181818182,8.544545454545453,10.61818181818182,2,0,3.1481481481481484,23,2,3,2,2,2,3,4.0
39,7,5.571428571428571,1.0,0.125,66.7871428571429,5.682857142857145,8.514285714285714,0,0,2.125,5,0,4,0,0,0,0,5.0
134,21,6.380952380952381,0.9565217391304348,0.3478260869565217,51.1489285714286,8.733571428571427,11.81904761904762,0,0,2.75,21,4,9,0,0,3,0,3.0
101,17,5.941176470588236,0.92,0.12,86.62450980392158,2.5847058823529423,4.619607843137255,0,0,3.1538461538461537,13,2,10,0,2,0,1,3.0
65,12,5.416666666666667,0.9285714285714286,0.1428571428571428,81.85500000000002,4.823333333333334,4.800000000000001,0,0,2.5,12,3,3,1,0,0,1,4.0
143,23,6.217391304347826,0.88,0.28,43.71608695652176,12.875652173913045,16.156521739130437,0,0,2.6,12,1,8,4,0,4,1,2.0
65,10,6.5,0.9230769230769232,0.1538461538461538,52.86500000000001,8.370000000000001,12.0,0,1,2.3076923076923075,6,3,2,0,1,1,1,2.0
164,26,6.307692307692308,0.9310344827586208,0.3103448275862069,30.76807692307696,15.426923076923078,16.553846153846155,1,0,2.931034482758621,11,3,11,1,1,4,1,5.0
92,15,6.133333333333334,0.8947368421052632,0.1052631578947368,50.610000000000014,9.92666666666667,8.666666666666668,0,0,2.210526315789474,8,0,7,2,0,3,0,1.0
79,13,6.076923076923077,0.9333333333333332,0.2666666666666666,50.470769230769264,9.44923076923077,8.276923076923078,0,0,2.8666666666666667,7,2,5,2,0,2,0,5.0
117,16,7.3125,0.9444444444444444,0.3333333333333333,0.2450000000000045,17.2,18.9,0,0,2.611111111111111,16,0,8,0,0,2,2,4.0
36,7,5.142857142857143,1.0,0.125,78.87285714285717,3.997142857142858,8.514285714285714,0,0,1.875,5,1,2,0,0,1,0,4.0
153,25,6.12,0.9285714285714286,0.25,39.33200000000002,13.984000000000002,18.0,0,0,2.857142857142857,23,1,11,2,0,3,1,4.0
64,12,5.333333333333333,0.9333333333333332,0.0666666666666666,81.85500000000002,4.823333333333334,4.800000000000001,0,0,2.0,7,1,5,1,0,1,1,4.0
199,37,5.378378378378378,0.8181818181818182,0.1363636363636363,64.58722972972974,8.846621621621622,11.724324324324323,0,1,4.133333333333334,38,4,15,2,1,5,1,4.0
69,12,5.75,0.9230769230769232,0.2307692307692307,81.85500000000002,4.823333333333334,4.800000000000001,0,0,1.9230769230769231,7,2,3,1,1,2,1,3.0
102,20,5.1,0.8695652173913043,0.0434782608695652,76.55500000000004,7.550000000000001,8.0,1,1,2.391304347826087,15,5,4,0,1,2,3,2.0
105,20,5.25,0.75,0.1666666666666666,72.32500000000003,8.140000000000004,10.0,0,1,3.375,20,4,0,0,2,4,1,4.0
44,10,4.4,1.0,0.0,103.625,1.2900000000000027,4.0,0,0,1.9166666666666667,6,1,3,1,0,1,0,1.0
89,15,5.933333333333334,1.0,0.3125,50.610000000000014,9.92666666666667,11.333333333333336,0,1,2.6875,14,1,7,1,0,2,1,1.0
92,16,5.75,0.8823529411764706,0.1764705882352941,47.83250000000001,10.562500000000004,16.400000000000002,0,0,2.9411764705882355,15,0,8,1,1,2,0,1.0
147,25,5.88,0.9230769230769232,0.3461538461538461,35.94800000000001,14.456,14.8,0,0,2.4615384615384617,13,3,9,1,0,4,2,1.0
112,17,6.588235294117647,0.7407407407407407,0.1481481481481481,55.21529411764709,9.781176470588235,11.505882352941178,0,0,3.037037037037037,22,1,10,0,2,1,1,3.0
56,10,5.6,0.9166666666666666,0.1666666666666666,52.86500000000001,8.370000000000001,12.0,0,0,2.1666666666666665,6,1,4,0,0,2,0,1.0
113,16,7.0625,0.9444444444444444,0.3333333333333333,26.682500000000005,13.5125,16.400000000000002,0,0,2.65,14,3,8,1,0,3,0,4.0
80,9,8.88888888888889,1.0,0.4545454545454545,-27.89999999999995,19.386666666666667,21.37777777777778,0,0,2.1538461538461537,8,1,6,0,0,1,1,3.0
110,18,6.111111111111111,0.9523809523809524,0.238095238095238,42.86500000000001,11.752222222222224,16.08888888888889,0,1,3.571428571428572,14,2,5,3,0,2,1,1.0
99,14,7.071428571428571,1.0,0.375,11.339285714285722,15.15571428571429,22.742857142857144,0,0,2.5,9,0,6,2,0,2,0,3.0
69,14,4.928571428571429,0.9375,0.0625,89.89642857142859,4.19857142857143,5.6000000000000005,0,0,2.3125,14,1,7,0,0,4,0,3.0
171,27,6.333333333333333,0.75,0.25,32.163333333333355,15.480740740740742,16.725925925925928,0,0,4.5,34,0,11,6,1,3,3,1.0
99,18,5.5,0.8571428571428571,0.238095238095238,70.80000000000003,5.6200000000000045,8.044444444444444,0,1,3.8181818181818175,20,3,5,1,0,3,1,5.0
102,17,6.0,0.8181818181818182,0.1363636363636363,70.14470588235295,7.698823529411765,9.15294117647059,0,0,2.7916666666666665,21,1,7,2,0,4,1,1.0
81,13,6.230769230769231,0.8571428571428571,0.3571428571428571,37.455384615384645,11.264615384615386,14.430769230769233,0,0,3.071428571428572,12,1,2,4,1,0,1,3.0
210,33,6.363636363636363,0.8888888888888888,0.2777777777777778,16.958181818181828,19.092121212121217,21.684848484848487,0,0,3.4166666666666665,28,4,11,4,1,5,1,2.0
89,16,5.5625,0.9444444444444444,0.2777777777777778,68.9825,7.612500000000001,8.9,0,0,2.388888888888889,10,0,8,0,0,3,0,4.0
80,13,6.153846153846154,1.0,0.2857142857142857,43.96307692307696,10.356923076923078,14.430769230769233,0,0,2.857142857142857,12,3,3,0,1,2,1,3.0
189,31,6.096774193548387,0.8235294117647058,0.3235294117647059,38.91838709677421,15.532258064516128,18.851612903225806,0,0,3.3823529411764706,29,4,10,1,2,4,1,1.0
86,17,5.0588235294117645,1.0,0.1578947368421052,80.09764705882354,6.310588235294119,9.15294117647059,0,1,2.421052631578948,9,2,8,0,0,3,1,3.0
173,31,5.580645161290323,0.8529411764705882,0.1764705882352941,60.84163793103451,8.375344827586208,8.558620689655172,0,0,5.027777777777778,32,2,9,3,2,4,0,1.0
165,24,6.875,0.8518518518518519,0.3703703703703703,50.13000000000002,9.248333333333337,13.133333333333333,0,0,2.821428571428572,22,4,9,1,0,5,0,1.0
168,31,5.419354838709677,0.7837837837837838,0.1351351351351351,58.021612903225815,12.867741935483874,16.270967741935486,0,1,2.945945945945946,35,5,11,1,1,5,2,2.0
117,22,5.318181818181818,0.8076923076923077,0.1923076923076923,72.9868181818182,8.544545454545453,10.61818181818182,0,0,3.4615384615384617,24,0,11,2,0,4,1,4.0
109,18,6.055555555555555,0.9047619047619048,0.238095238095238,52.265000000000015,10.441111111111113,9.422222222222222,0,0,2.8095238095238093,16,2,7,1,0,2,1,4.0
115,19,6.052631578947368,0.9545454545454546,0.2272727272727272,62.87631578947371,9.209473684210526,7.6,0,0,2.636363636363636,14,0,9,2,0,2,1,2.0
58,11,5.2727272727272725,1.0,0.0,101.2706818181818,0.5004545454545486,2.2,0,0,2.0,6,2,2,2,0,0,0,3.0
248,43,5.767441860465116,0.7843137254901961,0.196078431372549,35.30627906976744,19.017209302325583,22.781395348837208,0,0,4.901960784313726,40,4,13,5,1,6,1,1.0
350,51,6.862745098039215,0.7076923076923077,0.2923076923076923,4.117058823529447,25.35490196078432,28.243137254901963,1,0,3.7611940298507465,48,2,24,6,1,7,3,5.0
116,18,6.444444444444445,1.0,0.35,40.2858823529412,11.863529411764706,11.505882352941178,1,0,3.05,14,2,5,0,2,1,1,1.0
72,13,5.538461538461538,1.0,0.2857142857142857,69.99384615384618,6.726153846153846,8.276923076923078,0,0,2.5,12,1,4,2,0,2,0,1.0
153,29,5.275862068965517,0.8064516129032258,0.1935483870967742,63.62758620689657,11.58896551724138,14.358620689655172,0,0,2.935483870967742,24,2,11,1,0,7,0,3.0
124,20,6.2,0.9047619047619048,0.4285714285714285,38.48500000000004,12.860000000000005,16.0,0,0,2.523809523809524,18,2,5,3,1,5,2,1.0
276,52,5.307692307692308,0.6140350877192983,0.1578947368421052,32.03576923076925,21.70923076923077,26.184615384615388,2,0,5.344827586206897,56,7,11,7,3,4,3,2.0
219,38,5.7631578947368425,0.9,0.25,41.36500000000002,16.930000000000003,20.46315789473684,1,1,2.6666666666666665,22,4,12,5,1,6,3,2.0
99,15,6.6,0.75,0.4375,44.97000000000003,10.713333333333338,14.0,0,0,2.5,13,1,3,3,0,0,1,3.0
57,9,6.333333333333333,1.0,0.3636363636363636,37.900000000000034,10.208888888888891,12.488888888888887,0,0,2.090909090909091,7,0,1,2,1,1,0,5.0
96,15,6.4,0.9375,0.375,-0.1499999999999772,17.006666666666664,19.333333333333336,0,0,2.8125,11,1,5,2,0,2,0,1.0
59,8,7.375,1.0,0.3636363636363636,50.66500000000002,8.180000000000003,8.200000000000001,0,0,2.230769230769231,6,0,4,0,0,0,0,1.0
53,9,5.888888888888889,1.0,0.2,37.900000000000034,10.208888888888891,12.488888888888887,0,0,1.8,7,1,2,1,1,2,0,3.0
257,41,6.2682926829268295,0.7446808510638298,0.2553191489361702,53.96896341463415,10.824512195121956,16.00487804878049,0,1,3.769230769230769,46,4,17,3,0,9,1,2.0
109,22,4.954545454545454,0.9166666666666666,0.0833333333333333,72.9868181818182,8.544545454545453,8.8,0,1,4.115384615384615,24,2,8,3,1,4,1,5.0
314,50,6.28,0.6621621621621622,0.1216216216216216,49.48400000000001,12.568,12.4,1,1,4.92,51,4,18,4,2,5,3,4.0
213,36,5.916666666666667,0.7708333333333334,0.1875,33.99500000000003,17.461111111111112,17.733333333333334,0,0,3.3125,25,2,17,3,1,3,2,2.0
130,20,6.5,0.9130434782608696,0.2608695652173913,42.71500000000003,12.270000000000003,14.0,0,0,2.96,18,1,9,1,1,3,0,4.0
180,31,5.806451612903226,0.8,0.2285714285714285,41.64741935483872,15.151612903225807,18.851612903225806,1,0,4.085714285714285,17,3,6,3,2,2,2,3.0
278,45,6.177777777777778,0.7,0.28,3.240000000000037,23.986666666666668,28.66666666666667,0,0,5.14,48,1,16,2,0,10,2,3.0
205,31,6.612903225806452,0.7941176470588235,0.2941176470588235,11.62806451612903,19.33870967741936,24.01290322580645,0,1,4.75,33,3,8,5,4,5,1,1.0
187,31,6.032258064516129,0.7837837837837838,0.2702702702702703,36.18935483870968,15.912903225806453,17.561290322580646,0,1,3.5405405405405403,31,2,10,2,2,5,2,5.0
94,15,6.266666666666667,0.8333333333333334,0.2777777777777778,44.97000000000003,10.713333333333338,16.666666666666668,0,0,2.5,15,1,8,0,0,3,0,4.0
77,14,5.5,0.8823529411764706,0.1764705882352941,53.63928571428573,9.255714285714287,14.171428571428573,0,1,2.7222222222222223,15,2,6,0,1,3,1,2.0
112,17,6.588235294117647,0.8947368421052632,0.3684210526315789,40.2858823529412,11.863529411764706,11.505882352941178,0,0,2.421052631578948,15,2,4,2,0,5,0,3.0
60,10,6.0,1.0,0.1666666666666666,52.86500000000001,8.370000000000001,8.0,0,0,2.25,9,1,4,0,1,1,0,1.0
82,12,6.833333333333333,0.9285714285714286,0.3571428571428571,25.455000000000013,12.69,14.8,0,1,2.5,10,2,4,0,1,0,2,1.0
92,19,4.842105263157895,0.8571428571428571,0.1428571428571428,85.13947368421054,6.104210526315793,9.705263157894738,0,0,2.8095238095238093,14,2,6,0,2,2,1,4.0
211,30,7.033333333333333,0.8611111111111112,0.3333333333333333,15.64500000000004,18.530000000000005,21.33333333333333,0,0,3.657894736842105,31,3,9,4,7,3,1,3.0
129,23,5.608695652173913,0.92,0.2,51.71032608695654,8.903695652173912,15.03478260869565,0,0,2.64,13,1,12,0,0,5,0,5.0
132,23,5.739130434782608,0.8076923076923077,0.2307692307692307,55.38858695652178,8.390652173913043,11.556521739130435,0,1,3.807692307692308,20,3,8,0,0,5,1,3.0
93,17,5.470588235294118,0.9473684210526316,0.2105263157894736,65.16823529411766,8.39294117647059,9.15294117647059,0,1,2.3157894736842106,10,2,6,0,0,2,1,4.0
148,22,6.727272727272728,0.8214285714285714,0.25,34.532272727272726,13.90818181818182,14.254545454545458,1,0,2.7857142857142856,9,3,4,2,2,5,1,4.0
68,12,5.666666666666667,0.9230769230769232,0.1538461538461538,60.70500000000001,7.773333333333333,11.466666666666669,0,0,2.3076923076923075,9,2,2,1,0,1,0,3.0
230,37,6.216216216216216,0.8048780487804879,0.2682926829268293,13.798918918918927,20.52648648648649,22.36756756756757,0,1,3.1219512195121952,20,4,12,4,0,7,2,4.0
118,20,5.9,0.88,0.12,42.71500000000003,12.270000000000003,14.0,0,0,3.08,11,3,11,0,0,1,0,3.0
83,16,5.1875,0.8888888888888888,0.1111111111111111,79.5575,6.137499999999999,8.9,1,0,2.388888888888889,10,2,5,0,0,2,1,2.0
68,14,4.857142857142857,1.0,0.0,89.89642857142859,4.19857142857143,5.6000000000000005,0,0,2.1875,9,1,5,1,1,2,0,3.0
182,29,6.275862068965517,0.7297297297297297,0.1621621621621621,34.45517241379312,15.65793103448276,17.117241379310343,0,0,4.027027027027027,29,2,13,2,0,3,2,3.0
85,13,6.538461538461538,1.0,0.2857142857142857,30.947692307692336,12.172307692307694,17.50769230769231,0,0,2.75,14,0,5,1,2,3,0,4.0
167,31,5.387096774193548,0.6666666666666666,0.1818181818181818,59.89505376344087,7.472258064516129,11.8752688172043,0,0,3.4242424242424243,31,0,16,4,0,3,2,4.0
167,29,5.758620689655173,0.7741935483870968,0.2903225806451613,54.87586206896553,12.809655172413796,14.358620689655172,0,1,3.0,25,3,13,1,0,7,2,3.0
91,16,5.6875,0.9523809523809524,0.238095238095238,50.610000000000014,9.92666666666667,11.333333333333336,0,0,3.0,12,0,4,3,0,0,1,1.0
100,17,5.882352941176471,1.0,0.2105263157894736,70.14470588235295,7.698823529411765,9.15294117647059,0,0,2.6842105263157894,17,3,6,0,0,2,1,2.0
155,27,5.7407407407407405,0.8,0.1666666666666666,54.09666666666669,12.421481481481482,12.281481481481482,0,1,3.8,28,4,11,1,0,4,2,3.0
166,31,5.354838709677419,0.8823529411764706,0.1764705882352941,66.20870967741936,11.725806451612904,13.690322580645162,0,1,4.205882352941177,31,4,8,2,1,6,1,3.0
138,25,5.52,0.9655172413793104,0.1379310344827586,66.40400000000001,10.208000000000002,11.6,0,1,3.413793103448276,13,3,4,2,5,1,2,4.0
147,24,6.125,0.896551724137931,0.2413793103448276,45.00000000000003,12.945,16.26666666666667,1,0,2.896551724137931,18,2,7,3,1,3,2,1.0
229,39,5.871794871794871,0.8444444444444444,0.2222222222222222,39.26538461538463,17.47128205128205,20.72820512820513,1,1,4.652173913043479,45,6,16,1,1,4,4,1.0
134,23,5.826086956521739,0.8148148148148148,0.2592592592592592,55.60115942028986,7.408695652173915,11.762318840579711,0,0,2.857142857142857,15,2,13,1,1,1,1,2.0
88,13,6.769230769230769,0.9285714285714286,0.2857142857142857,11.424615384615407,14.895384615384618,17.50769230769231,0,0,2.5,8,2,6,0,0,2,0,2.0
193,32,6.03125,0.8108108108108109,0.2162162162162162,34.23625000000004,16.433750000000007,17.8,2,0,3.810810810810811,24,4,13,1,0,7,3,3.0
145,22,6.590909090909091,0.7692307692307693,0.2307692307692307,26.84136363636364,14.98090909090909,14.254545454545458,0,0,3.5357142857142856,18,1,12,5,0,1,1,4.0
92,13,7.076923076923077,1.0,0.3125,50.470769230769264,9.44923076923077,8.276923076923078,0,0,2.625,12,1,8,1,1,1,0,2.0
240,40,6.0,0.782608695652174,0.2391304347826087,51.17500000000004,11.090000000000003,15.0,0,0,3.959183673469388,44,6,16,3,0,7,0,1.0
124,20,6.2,0.9230769230769232,0.2307692307692307,63.86500000000004,9.32,10.0,1,0,3.9615384615384617,13,2,5,2,0,0,4,4.0
164,32,5.125,0.8611111111111112,0.1111111111111111,79.21217741935487,6.061451612903227,8.780645161290323,0,0,2.861111111111111,17,2,13,1,3,6,2,4.0
130,20,6.5,0.8461538461538461,0.1923076923076923,46.94500000000005,11.68,16.0,0,0,2.8076923076923075,13,1,8,3,1,2,3,1.0
40,8,5.0,0.9,0.1,103.54,0.8049999999999997,3.2,0,0,2.3,8,1,2,1,0,2,0,2.0
106,21,5.047619047619048,0.8636363636363636,0.1363636363636363,56.6057142857143,10.58095238095238,16.019047619047623,0,0,2.636363636363636,18,1,9,0,0,5,0,1.0
49,10,4.9,1.0,0.1666666666666666,78.24500000000002,4.830000000000002,8.0,0,0,3.071428571428572,12,0,6,0,0,2,0,4.0
107,20,5.35,0.9565217391304348,0.217391304347826,68.09500000000004,8.73,12.0,0,0,2.565217391304348,21,1,7,1,0,5,1,5.0
66,10,6.6,1.0,0.2727272727272727,2.105000000000018,15.45,16.0,0,0,2.363636363636364,8,1,2,2,0,2,0,5.0
199,32,6.21875,0.9142857142857144,0.3142857142857143,26.305000000000035,17.540000000000003,21.55,0,1,3.5428571428571427,32,4,11,2,1,5,1,3.0
90,15,6.0,0.8,0.2,56.25000000000003,9.140000000000004,8.666666666666668,0,0,2.85,13,1,6,1,1,1,0,1.0
96,16,6.0,0.9411764705882352,0.0588235294117647,58.4075,9.087500000000002,8.9,0,0,2.789473684210526,16,1,6,3,1,2,1,1.0
72,11,6.545454545454546,1.0,0.3333333333333333,34.160909090909115,11.22727272727273,11.672727272727274,0,0,2.7142857142857144,11,2,7,1,0,0,0,3.0
170,28,6.071428571428571,0.8823529411764706,0.2058823529411764,41.56333333333336,14.169629629629632,19.68888888888889,0,0,4.147058823529412,20,0,13,2,0,2,2,3.0
134,24,5.583333333333333,0.8387096774193549,0.1612903225806451,40.03782608695653,13.388695652173912,16.156521739130437,0,0,3.935483870967742,18,1,9,1,1,3,0,3.0
85,13,6.538461538461538,0.8823529411764706,0.2352941176470588,43.96307692307696,10.356923076923078,14.430769230769233,0,0,2.8823529411764706,12,1,1,4,2,0,2,4.0
142,21,6.761904761904762,1.0,0.4166666666666667,20.34857142857146,15.638095238095236,19.82857142857143,1,0,3.0,14,2,5,5,2,2,2,1.0
180,30,6.0,0.90625,0.3125,29.745000000000037,16.563333333333336,22.66666666666667,0,0,3.4375,29,3,8,1,1,7,2,4.0
273,41,6.658536585365853,0.8297872340425532,0.2978723404255319,43.65189024390244,12.263536585365856,14.053658536585369,0,1,6.44,43,5,18,4,1,3,4,3.0
102,15,6.8,0.9411764705882352,0.2941176470588235,28.05000000000001,13.073333333333338,14.0,0,1,3.0,11,2,5,2,2,3,1,1.0
69,12,5.75,0.9285714285714286,0.0714285714285714,60.70500000000001,7.773333333333333,11.466666666666669,0,0,2.642857142857143,12,1,5,1,2,1,0,4.0
75,11,6.818181818181818,1.0,0.3333333333333333,34.160909090909115,11.22727272727273,11.672727272727274,0,1,2.25,10,3,3,0,2,1,1,4.0
47,9,5.222222222222222,1.0,0.0,84.90000000000003,3.653333333333336,3.6,0,0,2.5454545454545454,7,1,3,1,0,1,1,3.0
100,15,6.666666666666667,0.8571428571428571,0.238095238095238,28.05000000000001,13.073333333333338,16.666666666666668,0,0,3.0,18,2,8,1,0,1,1,1.0
27,6,4.5,0.8571428571428571,0.0,102.045,0.5166666666666693,2.4000000000000004,0,0,1.7142857142857142,5,1,1,0,0,2,0,3.0
71,12,5.916666666666667,0.9285714285714286,0.1428571428571428,74.805,5.806666666666668,4.800000000000001,0,0,2.5,10,1,4,1,1,2,0,1.0
355,58,6.120689655172414,0.7391304347826086,0.2028985507246377,2.1029310344827934,27.37482758620689,28.027586206896554,1,1,4.420289855072464,46,6,21,3,3,10,2,5.0
97,17,5.705882352941177,0.8947368421052632,0.2105263157894736,45.26235294117649,11.16941176470588,11.505882352941178,0,0,3.631578947368421,17,0,6,2,1,1,2,2.0
61,12,5.083333333333333,0.9333333333333332,0.1333333333333333,95.955,2.8566666666666656,4.800000000000001,0,0,2.466666666666667,9,1,5,1,0,1,0,2.0
154,23,6.695652173913044,0.925925925925926,0.2962962962962963,47.39434782608697,12.362608695652174,14.417391304347824,1,0,3.6774193548387095,28,3,9,0,0,2,2,2.0
104,19,5.473684210526316,0.9565217391304348,0.1304347826086956,71.78157894736843,7.967368421052633,7.6,0,0,2.217391304347826,9,1,6,2,0,3,0,3.0
118,19,6.2105263157894735,0.9523809523809524,0.238095238095238,58.42368421052632,9.830526315789475,9.705263157894738,1,1,2.619047619047619,10,4,5,0,0,2,2,5.0
103,19,5.421052631578948,0.7272727272727273,0.1818181818181818,67.32894736842107,8.588421052631581,11.810526315789474,0,0,2.3181818181818183,15,0,7,2,0,3,1,1.0
57,10,5.7,0.9166666666666666,0.25,44.405,9.55,12.0,0,0,2.1666666666666665,10,1,3,0,0,3,0,4.0
32,6,5.333333333333333,1.0,0.1428571428571428,87.94500000000002,2.4833333333333343,2.4000000000000004,0,0,1.7142857142857142,4,0,4,0,0,0,0,1.0
108,19,5.684210526315789,1.0,0.238095238095238,58.42368421052632,9.830526315789475,13.915789473684212,1,0,3.0476190476190474,19,2,6,0,0,5,1,4.0
168,29,5.793103448275862,0.8787878787878788,0.3333333333333333,49.04137931034484,13.62344827586207,18.49655172413793,2,1,3.606060606060606,17,6,6,1,0,2,4,1.0
130,23,5.652173913043479,0.8518518518518519,0.1851851851851851,51.07260869565218,11.849565217391303,16.156521739130437,0,0,3.6666666666666665,25,1,9,1,1,4,1,5.0
87,14,6.214285714285714,1.0,0.375,59.68214285714288,8.412857142857145,8.457142857142857,1,0,2.0,6,3,6,0,0,1,1,4.0
183,30,6.1,0.8648648648648649,0.2162162162162162,41.025000000000034,14.990000000000006,17.333333333333336,0,1,3.317073170731707,31,3,13,1,0,2,1,3.0
93,18,5.166666666666667,0.8947368421052632,0.1578947368421052,75.76500000000001,7.163333333333334,9.422222222222222,0,0,3.684210526315789,17,0,5,3,2,1,1,1.0
93,17,5.470588235294118,0.9,0.1,78.77220588235295,4.383823529411767,5.752941176470589,0,0,4.173913043478261,19,1,8,2,1,3,0,1.0
101,18,5.611111111111111,0.9047619047619048,0.238095238095238,47.565,11.096666666666668,13.866666666666667,0,0,2.571428571428572,9,0,9,1,0,3,1,4.0
229,40,5.725,0.9555555555555556,0.1111111111111111,43.565000000000026,17.12,17.0,1,1,3.2222222222222223,23,6,10,5,1,6,2,3.0
93,15,6.2,1.0,0.2352941176470588,50.610000000000014,9.92666666666667,14.0,1,0,3.0588235294117645,13,2,2,2,2,1,1,3.0
120,22,5.454545454545454,0.8461538461538461,0.2692307692307692,69.14136363636365,9.080909090909092,10.61818181818182,0,2,4.769230769230769,23,2,6,2,1,3,3,5.0
203,34,5.970588235294118,0.918918918918919,0.2162162162162162,47.75058823529415,10.822352941176472,13.858823529411763,1,1,4.108108108108108,24,4,15,2,1,3,2,3.0
102,16,6.375,0.85,0.25,47.83250000000001,10.562500000000004,16.400000000000002,0,0,3.2,18,3,9,0,0,1,1,3.0
71,10,7.1,1.0,0.3333333333333333,27.485000000000014,11.91,12.0,0,0,1.8333333333333333,7,1,5,0,0,2,0,3.0
78,17,4.588235294117647,0.9444444444444444,0.0555555555555555,90.05058823529413,4.92235294117647,6.800000000000001,0,2,2.555555555555556,15,4,1,2,3,1,2,2.0
116,20,5.8,0.9090909090909092,0.3181818181818182,51.17500000000004,11.090000000000003,12.0,0,0,2.4545454545454546,20,2,7,0,0,3,1,5.0
63,10,6.3,0.9090909090909092,0.3636363636363636,10.564999999999998,14.270000000000008,20.0,0,0,2.636363636363636,9,0,4,2,0,1,0,1.0
166,27,6.148148148148148,0.9032258064516128,0.2580645161290322,25.896666666666675,16.35481481481482,16.725925925925928,0,0,2.757575757575758,26,2,9,1,2,5,1,4.0
137,18,7.611111111111111,0.8260869565217391,0.3043478260869565,9.965000000000003,16.34111111111111,20.53333333333333,0,0,2.84,15,1,8,3,0,3,0,3.0
119,23,5.173913043478261,0.8461538461538461,0.0769230769230769,65.78565217391306,9.79739130434783,10.93913043478261,0,2,4.642857142857143,25,3,6,2,2,5,2,5.0
122,23,5.304347826086956,0.8461538461538461,0.2307692307692307,40.03782608695653,13.388695652173912,14.417391304347824,0,0,3.5384615384615383,20,2,7,2,0,5,0,4.0
48,10,4.8,0.8571428571428571,0.1428571428571428,71.81500000000001,5.230000000000004,8.200000000000001,0,0,2.1333333333333333,8,0,6,0,0,0,0,5.0
185,31,5.967741935483871,0.9117647058823528,0.2941176470588235,49.19282258064519,10.24854838709678,11.361290322580643,1,0,3.147058823529412,26,4,10,0,0,3,1,3.0
71,12,5.916666666666667,1.0,0.2857142857142857,53.655,8.756666666666668,11.466666666666669,0,0,2.642857142857143,12,2,4,0,1,1,0,4.0
59,10,5.9,0.9090909090909092,0.2727272727272727,52.86500000000001,8.370000000000001,16.0,0,0,2.4545454545454546,7,1,4,0,0,1,0,3.0
41,7,5.857142857142857,1.0,0.25,66.7871428571429,5.682857142857145,8.514285714285714,0,0,1.875,5,1,1,1,0,1,0,1.0
130,20,6.5,0.9166666666666666,0.3333333333333333,38.48500000000004,12.860000000000005,16.0,0,0,3.0416666666666665,18,2,6,4,0,2,2,1.0
148,22,6.727272727272728,0.7777777777777778,0.1851851851851851,49.91409090909093,11.762727272727272,12.436363636363636,0,0,2.774193548387097,11,3,9,1,1,2,1,4.0
134,22,6.090909090909091,0.9565217391304348,0.217391304347826,46.06863636363636,12.29909090909091,14.254545454545458,1,0,3.130434782608696,21,3,8,2,2,2,2,4.0
72,11,6.545454545454546,1.0,0.2307692307692307,64.9245454545455,6.936363636363637,11.672727272727274,0,0,2.8461538461538463,10,1,6,0,1,1,0,5.0
89,14,6.357142857142857,1.0,0.25,29.46785714285716,12.62714285714286,14.171428571428573,0,0,2.125,13,3,4,2,1,2,1,5.0
108,17,6.352941176470588,0.7916666666666666,0.25,60.19176470588238,9.08705882352941,6.800000000000001,0,0,4.076923076923077,24,0,10,0,0,2,2,3.0
79,13,6.076923076923077,0.9375,0.125,56.97846153846157,8.541538461538462,8.276923076923078,0,0,2.375,9,1,7,1,0,2,0,3.0
34,6,5.666666666666667,1.0,0.25,87.94500000000002,2.4833333333333343,9.066666666666668,0,0,1.625,5,1,2,0,0,1,0,1.0
42,7,6.0,1.0,0.25,54.70142857142861,7.368571428571428,14.228571428571428,0,0,2.0,6,1,1,1,0,0,0,5.0
72,15,4.8,0.9473684210526316,0.1052631578947368,90.09000000000002,4.420000000000002,6.0,0,0,3.421052631578948,15,1,3,2,1,3,0,5.0
127,22,5.7727272727272725,0.9032258064516128,0.0967741935483871,69.14136363636365,9.080909090909092,12.436363636363636,1,0,2.625,15,3,5,2,1,0,2,1.0
127,25,5.08,0.8846153846153846,0.1538461538461538,66.40400000000001,10.208000000000002,14.8,1,0,2.423076923076923,15,4,5,0,0,4,2,5.0
139,25,5.56,0.8928571428571429,0.1785714285714285,56.25200000000002,11.624000000000002,13.2,0,0,2.75,21,2,6,3,1,5,0,3.0
160,26,6.153846153846154,0.896551724137931,0.2758620689655172,40.52961538461543,14.065384615384616,19.630769230769232,1,1,3.655172413793104,27,4,9,4,1,3,2,4.0
166,25,6.64,0.896551724137931,0.3103448275862069,25.79600000000002,15.872000000000003,19.6,0,0,2.896551724137931,15,2,10,2,0,5,1,1.0
220,41,5.365853658536586,0.7446808510638298,0.1276595744680851,64.28603658536586,9.38548780487805,13.078048780487803,0,1,5.183673469387755,31,4,13,0,0,11,2,4.0
139,22,6.318181818181818,0.8928571428571429,0.2857142857142857,38.37772727272727,13.37181818181818,16.072727272727274,0,0,2.4642857142857144,13,2,9,1,1,2,0,5.0
214,38,5.631578947368421,0.7659574468085106,0.1489361702127659,41.36500000000002,16.930000000000003,19.410526315789475,0,0,3.723404255319149,45,2,17,1,0,8,1,5.0
145,19,7.631578947368421,0.782608695652174,0.4347826086956521,22.8026315789474,14.798947368421054,9.705263157894738,0,0,2.5217391304347827,18,4,9,0,1,1,0,1.0
175,26,6.730769230769231,0.9642857142857144,0.3571428571428571,11.245000000000031,18.15,19.630769230769232,1,0,2.6785714285714284,15,2,14,1,0,5,1,3.0
198,31,6.387096774193548,0.9411764705882352,0.2941176470588235,28.002258064516155,17.054838709677416,20.14193548387097,1,0,2.8823529411764706,15,3,14,1,0,5,3,2.0
117,22,5.318181818181818,0.9130434782608696,0.1304347826086956,65.29590909090909,9.61727272727273,12.436363636363636,0,1,3.3043478260869565,21,3,6,0,0,5,1,3.0
76,12,6.333333333333333,0.9230769230769232,0.3076923076923077,17.44500000000002,12.316666666666666,15.733333333333334,0,0,1.9285714285714288,8,1,4,1,0,3,0,2.0
167,29,5.758620689655173,0.8857142857142857,0.1714285714285714,51.51500000000003,13.030000000000005,15.485714285714288,0,0,4.342857142857143,18,1,10,5,1,3,0,2.0
162,24,6.75,0.8666666666666667,0.2666666666666666,9.750000000000057,17.861666666666668,19.6,0,0,3.3666666666666667,15,2,11,2,1,2,1,3.0
276,45,6.133333333333334,0.7959183673469388,0.2653061224489796,12.640000000000043,22.67555555555556,26.0,0,1,3.510204081632653,47,4,16,2,2,10,3,2.0
49,8,6.125,1.0,0.2222222222222222,50.66500000000002,8.180000000000003,13.2,0,0,1.6666666666666667,6,1,2,0,1,2,0,2.0
176,29,6.068965517241379,0.7941176470588235,0.2058823529411764,46.12413793103451,14.030344827586209,14.358620689655172,0,1,3.3823529411764706,17,3,14,1,1,3,2,3.0
69,10,6.9,1.0,0.2727272727272727,61.32500000000002,7.190000000000001,16.0,0,0,2.1818181818181817,7,2,3,0,1,1,0,2.0
151,26,5.807692307692308,0.9310344827586208,0.2413793103448276,53.54500000000003,12.250000000000004,15.015384615384615,0,0,4.068965517241379,27,1,9,2,1,3,2,2.0
106,16,6.625,0.8947368421052632,0.3157894736842105,31.97,12.775000000000002,11.4,1,0,2.421052631578948,13,3,5,1,2,1,1,2.0
224,38,5.894736842105263,0.8809523809523809,0.1904761904761904,25.23135135135138,18.93189189189189,22.36756756756757,0,0,3.159090909090909,32,1,16,5,0,4,1,1.0
61,9,6.777777777777778,1.0,0.5,47.30000000000004,8.89777777777778,12.488888888888887,0,0,2.4,7,1,4,0,0,1,0,1.0
96,15,6.4,1.0,0.3125,33.690000000000026,12.286666666666669,14.0,1,1,2.1875,8,4,3,1,0,0,2,1.0
55,11,5.0,0.8333333333333334,0.25,64.9245454545455,6.936363636363637,8.036363636363637,0,0,2.1666666666666665,10,0,3,1,0,2,0,3.0
154,23,6.695652173913044,0.8333333333333334,0.2666666666666666,40.03782608695653,13.388695652173912,17.895652173913046,0,0,2.9,21,4,7,4,1,2,0,5.0
150,25,6.0,0.90625,0.1875,42.71600000000004,13.512,14.8,0,0,4.305555555555555,18,0,13,3,0,1,0,2.0
227,38,5.973684210526316,0.851063829787234,0.1914893617021276,56.19736842105266,10.141052631578948,13.915789473684212,0,0,3.843137254901961,33,1,21,0,1,5,2,2.0
125,21,5.9523809523809526,0.9545454545454546,0.3636363636363636,36.46285714285716,13.390476190476187,14.114285714285714,0,0,3.1818181818181817,20,4,8,1,0,3,1,3.0
55,11,5.0,1.0,0.1666666666666666,72.61545454545457,5.863636363636363,11.672727272727274,0,0,2.5,9,1,3,1,0,2,0,2.0
131,23,5.695652173913044,1.0,0.16,36.35956521739132,13.901739130434787,14.417391304347824,1,1,3.076923076923077,12,3,9,1,0,3,2,1.0
141,23,6.130434782608695,0.8076923076923077,0.2307692307692307,40.03782608695653,13.388695652173912,14.417391304347824,0,0,2.576923076923077,18,1,11,1,0,4,1,5.0
280,41,6.829268292682927,0.8958333333333334,0.3958333333333333,-1.9165853658536207,23.712195121951225,27.13170731707317,0,1,4.395833333333333,46,8,17,1,0,6,4,4.0
43,6,7.166666666666667,1.0,0.4285714285714285,31.545000000000016,10.35,15.733333333333334,0,0,2.2857142857142856,5,0,2,2,0,0,0,2.0
107,19,5.631578947368421,0.8461538461538461,0.1153846153846153,52.265000000000015,10.441111111111113,13.866666666666667,0,0,3.3076923076923075,19,1,9,0,0,2,0,1.0
205,32,6.40625,0.75,0.2777777777777778,15.730000000000018,19.015000000000004,21.55,0,1,4.611111111111111,34,2,13,0,0,8,2,4.0
105,20,5.25,0.9130434782608696,0.1739130434782608,72.32500000000003,8.140000000000004,10.0,0,0,2.583333333333333,15,2,5,1,1,1,0,3.0
156,26,6.0,0.875,0.125,50.29115384615386,12.703846153846158,11.93846153846154,0,0,3.4705882352941178,16,2,14,1,0,3,1,4.0
136,21,6.476190476190476,0.8888888888888888,0.2962962962962963,28.40571428571431,14.514285714285716,17.923809523809524,0,1,3.586206896551724,20,3,7,0,0,4,1,1.0
196,34,5.764705882352941,0.925,0.175,30.49558823529415,17.452352941176475,21.835294117647063,0,1,3.6,34,4,10,3,2,6,1,4.0
144,23,6.260869565217392,0.8928571428571429,0.25,51.07260869565218,11.849565217391303,12.678260869565218,0,0,3.0,13,2,9,3,0,3,0,3.0
214,35,6.114285714285714,0.7555555555555555,0.1333333333333333,28.00735294117649,17.799411764705884,19.482352941176472,0,0,3.888888888888889,29,0,19,2,0,5,0,4.0
198,27,7.333333333333333,0.8611111111111112,0.2777777777777778,3.963333333333367,19.41407407407408,22.651851851851852,0,0,3.236842105263158,21,2,11,5,1,3,1,2.0
226,41,5.512195121951219,0.8125,0.1458333333333333,47.79500000000003,16.530000000000005,19.0,0,0,2.833333333333333,31,3,14,3,0,3,0,2.0
210,38,5.526315789473684,0.8666666666666667,0.1777777777777777,43.59131578947371,16.619473684210522,19.410526315789475,0,0,3.1777777777777776,22,3,14,3,1,6,0,3.0
55,10,5.5,0.9166666666666666,0.1666666666666666,86.70500000000001,3.650000000000002,4.0,0,0,1.9166666666666667,7,2,2,0,0,2,0,1.0
66,11,6.0,1.0,0.3076923076923077,57.23363636363638,8.009090909090911,4.4,0,0,2.923076923076923,11,1,5,1,0,1,0,2.0
169,26,6.5,0.9032258064516128,0.3225806451612903,4.737307692307724,19.05769230769231,24.246153846153845,0,1,1.967741935483871,8,2,8,3,0,6,1,5.0
91,16,5.6875,0.9523809523809524,0.238095238095238,50.610000000000014,9.92666666666667,11.333333333333336,0,0,3.142857142857143,12,0,4,3,0,0,1,2.0
288,50,5.76,0.8771929824561403,0.2456140350877192,15.129999999999995,22.825106382978728,26.45957446808511,0,0,3.2758620689655173,27,3,18,3,2,7,0,2.0
162,24,6.75,0.8888888888888888,0.2592592592592592,9.750000000000057,17.861666666666668,21.26666666666667,1,0,3.592592592592593,21,3,9,4,0,2,2,1.0
187,32,5.84375,0.7560975609756098,0.2195121951219512,28.002258064516155,17.054838709677416,16.270967741935486,0,1,3.1951219512195124,27,2,15,1,0,3,1,4.0
265,43,6.162790697674419,0.6545454545454545,0.2,29.24785714285716,19.613809523809525,21.561904761904763,0,1,3.7454545454545456,22,2,16,4,1,3,3,2.0
67,10,6.7,1.0,0.2142857142857142,19.02500000000001,13.09,20.0,0,0,2.571428571428572,9,1,4,1,0,2,0,3.0
163,25,6.52,0.8387096774193549,0.2903225806451613,48.63550000000001,9.581,9.8,0,0,5.151515151515151,30,4,7,1,2,3,0,4.0
189,33,5.727272727272728,0.9210526315789472,0.1578947368421052,47.72181818181819,14.801212121212124,16.83636363636364,0,0,3.675,25,2,13,2,0,5,0,3.0
205,33,6.212121212121212,0.8333333333333334,0.3333333333333333,29.77636363636364,17.304242424242428,18.04848484848485,1,1,4.027777777777778,32,5,7,4,1,4,3,1.0
147,27,5.444444444444445,0.7878787878787878,0.1212121212121212,41.56333333333336,14.169629629629632,18.20740740740741,0,1,3.878787878787879,29,3,9,0,0,6,3,5.0
67,8,8.375,1.0,0.5555555555555556,-23.359999999999985,18.505,18.2,0,0,3.272727272727273,9,1,4,2,0,0,0,4.0
60,10,6.0,1.0,0.1428571428571428,61.32500000000002,7.190000000000001,4.0,0,0,2.571428571428572,8,1,4,1,0,0,0,4.0
107,14,7.642857142857143,0.9473684210526316,0.3157894736842105,41.553571428571445,10.941428571428574,11.314285714285717,0,0,3.608695652173913,21,4,8,0,1,0,1,4.0
84,14,6.0,1.0,0.25,71.76785714285715,6.727142857142859,8.457142857142857,0,0,2.375,7,1,5,2,0,1,0,5.0
128,23,5.565217391304348,0.8666666666666667,0.1333333333333333,57.23363636363638,8.009090909090911,8.036363636363637,0,0,2.833333333333333,13,0,13,0,0,1,1,4.0
122,22,5.545454545454546,1.0,0.16,48.54857142857145,11.704761904761906,16.019047619047623,0,0,3.04,13,2,5,2,0,2,0,5.0
115,24,4.791666666666667,0.8461538461538461,0.1153846153846153,69.67500000000004,9.503333333333334,12.933333333333335,0,0,2.3846153846153846,16,2,8,0,0,7,1,4.0
90,16,5.625,1.0,0.2631578947368421,58.4075,9.087500000000002,11.4,0,0,3.263157894736842,17,0,6,0,0,2,1,3.0
69,12,5.75,1.0,0.1538461538461538,46.60500000000002,9.740000000000002,11.466666666666669,0,0,2.5384615384615383,11,1,5,0,0,3,0,4.0
218,37,5.891891891891892,0.8636363636363636,0.25,45.215,11.424444444444449,14.977777777777778,0,0,2.409090909090909,22,0,12,5,1,4,1,5.0
145,22,6.590909090909091,0.88,0.32,38.37772727272727,13.37181818181818,16.072727272727274,0,1,2.8,22,4,8,0,1,3,1,2.0
139,21,6.619047619047619,0.925925925925926,0.2962962962962963,28.40571428571431,14.514285714285716,17.923809523809524,0,0,2.8666666666666667,12,0,14,0,0,1,1,4.0
193,30,6.433333333333334,0.8571428571428571,0.2285714285714285,32.565000000000026,16.170000000000005,18.666666666666668,0,0,3.142857142857143,21,2,13,3,1,3,1,2.0
204,35,5.828571428571428,0.8837209302325582,0.2093023255813953,50.45285714285716,14.91714285714286,17.428571428571427,0,0,3.7111111111111112,31,4,10,2,1,5,2,3.0
198,36,5.5,0.8461538461538461,0.1794871794871795,38.69500000000002,16.80555555555556,21.06666666666667,0,0,3.317073170731707,27,6,10,4,0,7,1,1.0
134,22,6.090909090909091,0.8461538461538461,0.2307692307692307,53.759545454545474,11.22636363636364,14.254545454545458,0,0,2.821428571428572,19,1,10,3,0,3,1,3.0
118,19,6.2105263157894735,0.9583333333333334,0.25,33.465,13.063333333333333,11.644444444444446,0,0,3.0,12,0,11,1,0,1,0,4.0
77,14,5.5,1.0,0.1764705882352941,77.81071428571428,5.884285714285717,8.457142857142857,0,0,1.7058823529411764,6,0,5,1,0,3,1,2.0
79,14,5.642857142857143,1.0,0.2666666666666666,35.5107142857143,11.784285714285716,14.171428571428573,0,1,2.933333333333333,13,3,4,0,0,2,1,2.0
102,20,5.1,0.8636363636363636,0.1363636363636363,55.40500000000003,10.500000000000004,14.0,0,0,2.6818181818181817,20,2,4,0,0,5,0,5.0
304,53,5.735849056603773,0.676923076923077,0.1384615384615384,33.32301886792456,21.778113207547168,24.218867924528304,0,1,4.1692307692307695,61,8,12,2,4,8,3,3.0
49,9,5.444444444444445,1.0,0.2727272727272727,75.50000000000003,4.964444444444446,8.044444444444444,0,0,1.9090909090909087,7,1,3,0,0,2,0,5.0
94,14,6.714285714285714,0.9333333333333332,0.4,41.553571428571445,10.941428571428574,14.171428571428573,0,1,2.2,13,3,3,2,0,1,1,1.0
123,21,5.857142857142857,1.0,0.217391304347826,36.46285714285716,13.390476190476187,12.20952380952381,1,0,4.043478260869565,20,2,7,2,1,3,1,4.0
57,10,5.7,1.0,0.2727272727272727,44.405,9.55,12.0,0,0,2.0,9,2,3,1,0,2,0,5.0
122,19,6.421052631578948,0.8333333333333334,0.25,36.1605263157895,12.935789473684212,18.126315789473683,0,0,2.958333333333333,22,2,11,1,0,0,2,1.0
97,15,6.466666666666667,1.0,0.2222222222222222,39.33000000000001,11.500000000000004,14.0,0,0,3.1578947368421053,15,3,4,1,1,1,1,2.0
129,22,5.863636363636363,0.8,0.2,42.22318181818181,12.83545454545455,16.072727272727274,0,0,2.566666666666667,12,1,13,1,0,1,1,2.0
121,19,6.368421052631579,0.9047619047619048,0.3333333333333333,27.25526315789477,14.177894736842106,20.231578947368423,0,0,3.761904761904762,19,1,5,3,1,3,0,1.0
72,13,5.538461538461538,0.9285714285714286,0.2857142857142857,50.470769230769264,9.44923076923077,8.276923076923078,0,0,2.4285714285714284,12,1,4,2,0,2,0,2.0
85,13,6.538461538461538,0.8571428571428571,0.2857142857142857,24.440000000000023,13.080000000000002,14.430769230769233,0,0,2.071428571428572,11,1,5,0,0,3,1,1.0
81,13,6.230769230769231,1.0,0.2666666666666666,50.470769230769264,9.44923076923077,11.353846153846156,0,0,2.4,10,1,5,1,0,3,0,5.0
128,22,5.818181818181818,0.8888888888888888,0.1481481481481481,57.605,10.69,10.61818181818182,0,0,2.888888888888889,13,1,11,1,0,3,0,5.0
128,18,7.111111111111111,0.9130434782608696,0.3478260869565217,33.465,13.063333333333333,18.311111111111117,0,0,2.565217391304348,12,2,6,4,0,3,0,1.0
143,27,5.296296296296297,0.90625,0.125,56.798846153846185,11.796153846153846,10.4,0,0,3.3125,16,0,12,1,0,4,1,5.0
142,25,5.68,0.9655172413793104,0.1724137931034483,46.10000000000002,13.040000000000004,14.8,0,0,4.0344827586206895,27,2,13,1,0,3,2,5.0
76,11,6.909090909090909,1.0,0.2666666666666666,49.54272727272729,9.081818181818182,11.672727272727274,0,0,3.176470588235294,14,1,6,1,0,0,0,5.0
128,23,5.565217391304348,0.8076923076923077,0.2307692307692307,62.10739130434784,10.3104347826087,14.417391304347824,0,1,3.923076923076923,22,1,7,2,3,4,0,3.0
250,39,6.410256410256411,0.7916666666666666,0.2708333333333333,14.649210526315812,20.656315789473684,21.51578947368421,0,1,4.3,32,1,16,6,1,3,3,4.0
79,13,6.076923076923077,0.9444444444444444,0.2222222222222222,46.60500000000002,9.740000000000002,4.800000000000001,0,0,3.0,13,0,5,1,0,0,0,2.0
108,21,5.142857142857143,0.925925925925926,0.1111111111111111,63.86500000000004,9.32,10.0,0,0,3.2962962962962963,13,0,8,1,0,3,0,3.0
136,21,6.476190476190476,0.9230769230769232,0.2692307692307692,28.40571428571431,14.514285714285716,16.019047619047623,0,0,3.1538461538461537,14,2,11,0,0,2,0,5.0
137,24,5.708333333333333,0.8928571428571429,0.3214285714285714,51.07260869565218,11.849565217391303,14.417391304347824,0,0,4.0,17,0,13,0,0,3,1,1.0
87,16,5.4375,0.7647058823529411,0.1764705882352941,37.25750000000002,12.037500000000003,13.9,0,0,3.0588235294117645,15,1,6,0,0,4,1,5.0
106,18,5.888888888888889,0.9,0.25,56.965,9.785555555555558,13.866666666666667,0,1,2.9166666666666665,10,2,9,0,0,3,2,4.0
97,14,6.928571428571429,0.9473684210526316,0.2631578947368421,23.42500000000001,13.470000000000002,19.88571428571429,0,0,3.421052631578948,9,2,5,2,0,0,1,5.0
151,24,6.291666666666667,0.9629629629629628,0.1851851851851851,48.525000000000034,12.453333333333331,12.933333333333335,0,0,3.074074074074074,17,2,11,3,0,5,0,1.0
51,9,5.666666666666667,0.9090909090909092,0.1818181818181818,66.10000000000002,6.27555555555556,8.044444444444444,0,0,2.090909090909091,6,1,2,0,0,2,0,4.0
105,18,5.833333333333333,0.9565217391304348,0.217391304347826,40.2858823529412,11.863529411764706,9.15294117647059,0,0,3.72,14,2,7,1,1,0,1,5.0
86,15,5.733333333333333,0.9411764705882352,0.1764705882352941,67.53000000000003,7.566666666666666,8.666666666666668,0,0,2.411764705882353,11,3,4,0,1,2,1,4.0
75,14,5.357142857142857,0.9375,0.1875,71.76785714285715,6.727142857142859,8.457142857142857,0,0,2.375,10,1,4,2,1,3,0,2.0
173,32,5.40625,0.8571428571428571,0.1142857142857142,58.03000000000003,13.115000000000002,16.55,0,1,3.4857142857142858,18,3,12,1,0,6,3,2.0
163,26,6.269230769230769,0.8928571428571429,0.2857142857142857,40.52961538461543,14.065384615384616,16.553846153846155,0,1,3.892857142857143,25,2,7,5,1,3,3,5.0
123,24,5.125,0.92,0.16,66.15000000000003,9.995,12.933333333333335,1,0,2.4,19,4,4,3,0,4,1,4.0
74,13,5.6923076923076925,1.0,0.1428571428571428,69.99384615384618,6.726153846153846,8.276923076923078,0,0,2.571428571428572,12,1,5,1,1,2,0,3.0
80,15,5.333333333333333,0.9411764705882352,0.1764705882352941,78.81000000000003,5.993333333333336,8.666666666666668,0,1,2.4705882352941178,8,2,4,1,0,3,1,5.0
98,18,5.444444444444445,0.8947368421052632,0.2631578947368421,56.965,9.785555555555558,13.866666666666667,0,0,2.9473684210526314,16,0,6,2,1,4,2,2.0
56,10,5.6,1.0,0.1818181818181818,86.70500000000001,3.650000000000002,4.0,0,0,2.363636363636364,8,1,2,1,0,2,0,2.0
112,21,5.333333333333333,0.9230769230769232,0.1153846153846153,78.24500000000002,4.830000000000002,8.0,0,0,3.1481481481481484,13,0,8,0,0,4,0,5.0
85,14,6.071428571428571,0.9375,0.3125,59.68214285714288,8.412857142857145,8.457142857142857,0,0,2.5,8,1,6,1,0,2,0,4.0
160,29,5.517241379310345,0.7352941176470589,0.2058823529411764,78.34508620689657,5.933965517241379,5.800000000000001,0,1,3.294117647058824,32,2,12,2,0,4,1,3.0
67,11,6.090909090909091,1.0,0.3333333333333333,41.8518181818182,10.154545454545456,11.672727272727274,0,1,2.6666666666666665,10,2,4,0,0,3,1,4.0
87,14,6.214285714285714,0.9375,0.25,60.74428571428575,6.525714285714287,11.371428571428572,0,0,3.117647058823529,15,1,8,3,0,2,0,2.0
144,25,5.76,1.0,0.25,53.655,8.756666666666668,13.133333333333333,0,0,3.1379310344827585,16,0,11,1,0,3,1,2.0
99,17,5.823529411764706,0.9130434782608696,0.1304347826086956,58.4075,9.087500000000002,8.9,0,0,3.1739130434782608,12,1,7,1,0,1,0,3.0
43,9,4.777777777777778,1.0,0.1,75.50000000000003,4.964444444444446,8.044444444444444,0,0,1.8,7,1,3,0,0,2,0,2.0
142,26,5.461538461538462,0.8484848484848485,0.1818181818181818,69.8142307692308,9.98076923076923,13.47692307692308,0,0,3.787878787878788,26,2,7,2,0,6,1,1.0
95,15,6.333333333333333,0.9375,0.25,33.690000000000026,12.286666666666669,16.666666666666668,0,0,2.6875,12,1,7,1,0,3,0,5.0
108,16,6.75,0.85,0.35,31.97,12.775000000000002,18.9,0,1,3.05,15,2,6,1,2,3,2,5.0
166,27,6.148148148148148,0.8181818181818182,0.2121212121212121,59.83333333333337,7.149629629629633,9.525925925925929,0,1,4.567567567567568,29,1,11,4,0,5,1,4.0
54,9,6.0,1.0,0.4,37.900000000000034,10.208888888888891,8.044444444444444,0,0,2.3,8,0,2,2,0,1,0,2.0
226,39,5.794871794871795,0.9,0.2,17.57307692307694,20.49692307692308,21.753846153846155,0,1,2.75,25,3,18,2,0,8,2,1.0
206,34,6.0588235294117645,0.8918918918918919,0.2702702702702703,42.93676470588238,15.71705882352941,17.129411764705885,0,0,3.5945945945945947,24,3,12,4,0,5,3,4.0
117,19,6.157894736842105,0.92,0.24,33.465,13.063333333333333,9.422222222222222,0,0,3.24,12,0,9,1,0,1,1,3.0
144,26,5.538461538461538,0.7666666666666667,0.2,47.037307692307735,13.157692307692308,16.553846153846155,0,0,3.3666666666666667,20,1,8,1,1,8,0,4.0
159,24,6.625,0.9,0.2333333333333333,16.80000000000004,16.878333333333334,16.26666666666667,0,0,3.5161290322580645,15,3,12,1,1,2,1,4.0
226,40,5.65,0.8913043478260869,0.1956521739130435,34.92692307692309,18.07641025641026,18.67692307692308,1,0,3.4565217391304346,32,2,14,1,0,6,2,2.0
147,23,6.391304347826087,0.8125,0.25,34.532272727272726,13.90818181818182,14.254545454545458,0,0,2.65625,15,0,11,1,0,1,2,3.0
101,20,5.05,0.9230769230769232,0.0769230769230769,89.5921052631579,5.483157894736845,9.705263157894738,0,0,2.6538461538461537,12,1,7,0,1,2,0,4.0
78,12,6.5,1.0,0.3333333333333333,39.55500000000001,10.723333333333333,14.8,0,0,2.6666666666666665,9,1,5,1,0,1,0,1.0
185,30,6.166666666666667,0.9444444444444444,0.2222222222222222,50.045000000000016,8.763333333333339,12.0,0,0,3.710526315789474,23,1,18,3,0,3,2,1.0
148,25,5.92,0.8888888888888888,0.3333333333333333,22.412000000000035,16.344,19.6,0,1,2.888888888888889,16,4,8,1,0,4,1,5.0
81,13,6.230769230769231,1.0,0.2857142857142857,43.96307692307696,10.356923076923078,14.430769230769233,0,0,3.375,14,1,5,1,0,3,0,3.0
96,14,6.857142857142857,0.9,0.3,44.98404761904763,8.144285714285715,7.580952380952381,0,0,4.333333333333333,15,1,9,0,0,0,0,3.0
148,21,7.047619047619048,0.8333333333333334,0.375,4.234285714285733,17.88571428571429,19.82857142857143,0,0,3.04,21,0,12,2,2,2,1,5.0
75,13,5.769230769230769,1.0,0.2,69.99384615384618,6.726153846153846,11.353846153846156,0,0,2.533333333333333,11,1,6,0,0,2,0,4.0
322,53,6.075471698113208,0.8032786885245902,0.1967213114754098,12.572075471698128,24.67245283018868,26.483018867924528,0,0,4.095238095238095,40,3,17,4,2,13,2,3.0
120,22,5.454545454545454,0.8333333333333334,0.2083333333333333,53.759545454545474,11.22636363636364,14.254545454545458,0,2,3.730769230769231,13,3,6,0,2,5,2,1.0
115,17,6.764705882352941,0.8333333333333334,0.3888888888888889,20.380000000000024,14.64,18.56470588235294,0,0,2.611111111111111,15,1,7,1,0,2,1,1.0
67,12,5.583333333333333,0.9230769230769232,0.2307692307692307,60.70500000000001,7.773333333333333,11.466666666666669,0,1,2.3846153846153846,11,1,4,0,1,3,1,2.0
254,46,5.521739130434782,0.7358490566037735,0.1509433962264151,27.680000000000035,20.57777777777778,25.111111111111114,0,0,3.5283018867924527,47,5,16,3,0,6,2,3.0
247,39,6.333333333333333,0.8095238095238095,0.3333333333333333,17.57307692307694,20.49692307692308,23.80512820512821,0,2,4.023809523809524,22,3,12,3,0,10,3,4.0
57,10,5.7,1.0,0.1818181818181818,78.24500000000002,4.830000000000002,4.0,0,0,2.090909090909091,7,2,3,0,0,0,1,5.0
114,20,5.7,0.96,0.16,45.06578947368425,11.693684210526316,9.705263157894738,0,0,3.2,12,1,7,2,0,1,0,5.0
173,31,5.580645161290323,0.8529411764705882,0.2647058823529412,41.64741935483872,15.151612903225807,16.270967741935486,0,0,3.764705882352941,31,4,12,1,0,6,1,4.0
204,30,6.8,0.8048780487804879,0.2195121951219512,31.5379310344828,16.0648275862069,18.49655172413793,0,0,4.146341463414634,26,1,12,2,0,2,2,2.0
121,20,6.05,0.96,0.2,51.17500000000004,11.090000000000003,14.0,0,0,2.703703703703704,13,1,11,2,0,2,1,5.0
88,13,6.769230769230769,0.9444444444444444,0.2777777777777778,30.947692307692336,12.172307692307694,11.353846153846156,0,0,2.555555555555556,8,1,6,1,0,0,1,3.0
189,34,5.5588235294117645,0.7837837837837838,0.1621621621621621,52.88970588235296,14.328823529411768,14.776470588235291,0,1,3.58974358974359,19,2,9,3,3,6,1,2.0
70,13,5.384615384615385,0.9333333333333332,0.2,50.470769230769264,9.44923076923077,11.353846153846156,0,0,2.466666666666667,13,0,3,2,1,2,0,3.0
251,43,5.837209302325581,0.8478260869565217,0.217391304347826,35.30627906976744,19.017209302325583,21.851162790697675,0,0,3.739130434782609,44,5,17,4,0,9,0,1.0
70,12,5.833333333333333,1.0,0.2142857142857142,67.75500000000001,6.790000000000003,11.466666666666669,0,1,3.2142857142857144,12,3,4,1,0,0,1,2.0
86,16,5.375,0.8823529411764706,0.2352941176470588,74.27000000000001,6.875000000000004,8.9,0,0,2.294117647058824,15,0,4,2,0,2,2,5.0
65,12,5.416666666666667,1.0,0.1538461538461538,74.805,5.806666666666668,4.800000000000001,0,0,2.6153846153846154,11,2,3,1,0,1,1,2.0
106,16,6.625,0.8947368421052632,0.3157894736842105,26.682500000000005,13.5125,18.9,0,1,2.3157894736842106,9,3,7,1,0,2,1,2.0
223,34,6.5588235294117645,0.7435897435897436,0.3333333333333333,28.00735294117649,17.799411764705884,19.482352941176472,0,0,3.0,30,4,13,2,0,9,1,2.0
90,13,6.923076923076923,0.9411764705882352,0.3529411764705882,18.405,13.673333333333336,11.466666666666669,0,0,3.294117647058824,15,1,4,2,0,0,0,3.0
271,42,6.4523809523809526,0.8148148148148148,0.2037037037037037,35.22487804878051,18.53170731707317,19.326829268292684,0,0,3.724137931034482,37,3,16,5,1,4,1,3.0
39,6,6.5,1.0,0.2857142857142857,31.545000000000016,10.35,9.066666666666668,0,0,1.8571428571428568,5,1,1,0,0,1,0,1.0
81,14,5.785714285714286,0.875,0.25,66.7871428571429,5.682857142857145,8.514285714285714,0,0,2.588235294117647,14,1,6,1,0,3,1,4.0
195,33,5.909090909090909,0.725,0.175,45.18875,10.931250000000002,13.9,0,0,3.268292682926829,14,0,18,1,0,3,1,2.0
101,14,7.214285714285714,0.9411764705882352,0.4705882352941176,23.42500000000001,13.470000000000002,17.02857142857143,0,0,2.526315789473684,14,2,6,3,0,1,0,5.0
155,26,5.961538461538462,0.8787878787878788,0.2121212121212121,43.96307692307696,10.356923076923078,12.892307692307693,0,0,3.064516129032258,18,0,8,2,0,4,0,2.0
140,24,5.833333333333333,0.8620689655172413,0.1379310344827586,30.900000000000038,14.911666666666669,14.6,0,0,2.903225806451613,16,2,9,3,1,3,0,5.0
139,22,6.318181818181818,0.84,0.28,38.37772727272727,13.37181818181818,14.254545454545458,0,1,2.84,23,2,8,1,0,4,3,3.0
126,20,6.3,1.0,0.2916666666666667,25.795000000000044,14.630000000000004,14.0,0,0,2.75,13,1,10,2,0,1,1,5.0
246,38,6.473684210526316,0.6346153846153846,0.2115384615384615,55.94675438596494,8.60263157894737,9.27719298245614,0,1,3.9056603773584895,32,4,24,1,1,2,2,4.0
64,12,5.333333333333333,1.0,0.1428571428571428,67.75500000000001,6.790000000000003,11.466666666666669,0,0,2.857142857142857,12,1,6,0,0,1,1,1.0
113,16,7.0625,0.8695652173913043,0.2608695652173913,22.410000000000025,13.860000000000005,16.666666666666668,0,0,2.9130434782608696,12,0,7,0,0,0,1,5.0
98,15,6.533333333333333,0.9375,0.25,39.33000000000001,11.500000000000004,11.333333333333336,0,0,3.5,14,1,8,0,0,3,0,3.0
96,13,7.384615384615385,0.9333333333333332,0.3333333333333333,24.440000000000023,13.080000000000002,11.353846153846156,1,0,2.333333333333333,12,4,3,0,2,1,1,1.0
97,17,5.705882352941177,0.8,0.2,45.26235294117649,11.16941176470588,11.505882352941178,0,0,2.65,15,1,6,1,3,3,0,4.0
191,31,6.161290322580645,0.8611111111111112,0.1666666666666666,38.91838709677421,15.532258064516128,16.270967741935486,0,0,4.2368421052631575,31,5,8,2,1,8,0,2.0
46,9,5.111111111111111,1.0,0.2,47.30000000000004,8.89777777777778,8.044444444444444,0,0,1.8,7,1,2,1,0,2,0,5.0
67,12,5.583333333333333,1.0,0.3076923076923077,46.60500000000002,9.740000000000002,18.133333333333336,0,0,2.6153846153846154,10,1,2,1,0,2,1,1.0
251,40,6.275,0.8536585365853658,0.2439024390243902,-0.8499999999999943,23.315,24.0,2,0,3.292682926829268,39,3,11,6,1,7,3,3.0
200,32,6.25,0.875,0.225,33.46032258064517,16.293548387096777,18.851612903225806,0,0,3.5,25,1,12,5,1,2,2,1.0
93,16,5.8125,0.9473684210526316,0.2631578947368421,50.610000000000014,9.92666666666667,8.666666666666668,0,0,2.789473684210526,10,0,7,1,0,0,1,3.0
125,21,5.9523809523809526,0.875,0.2083333333333333,28.40571428571431,14.514285714285716,17.923809523809524,0,0,2.875,12,4,4,0,1,6,0,4.0
60,10,6.0,1.0,0.2142857142857142,44.405,9.55,4.0,0,0,2.4285714285714284,8,1,3,1,1,0,0,2.0
92,16,5.75,0.95,0.2,63.69500000000001,8.350000000000005,13.9,0,0,2.8095238095238093,12,2,4,1,1,3,0,1.0
50,8,6.25,1.0,0.2,82.39000000000001,3.7550000000000026,3.2,0,0,1.9,8,1,4,0,0,1,0,5.0
155,28,5.535714285714286,0.84375,0.21875,36.40785714285718,15.13714285714286,16.914285714285715,0,1,4.3125,30,2,6,1,0,6,2,4.0
195,33,5.909090909090909,0.7894736842105263,0.2368421052631578,29.77636363636364,17.304242424242428,19.260606060606065,0,0,4.105263157894737,32,3,10,1,0,7,1,1.0
86,14,6.142857142857143,0.8235294117647058,0.2941176470588235,59.68214285714288,8.412857142857145,11.314285714285717,0,1,2.764705882352941,14,2,6,0,0,2,2,5.0
95,15,6.333333333333333,0.8235294117647058,0.3529411764705882,22.410000000000025,13.860000000000005,14.0,0,0,2.647058823529412,13,2,6,1,0,2,0,3.0
72,11,6.545454545454546,1.0,0.2307692307692307,34.160909090909115,11.22727272727273,11.672727272727274,0,0,2.3846153846153846,10,1,6,0,0,1,0,3.0
216,36,6.0,0.868421052631579,0.2368421052631578,24.595000000000027,18.772222222222226,22.177777777777777,0,0,3.210526315789474,36,3,18,2,0,4,3,1.0
158,27,5.851851851851852,0.8387096774193549,0.1290322580645161,38.43000000000001,14.60666666666667,16.725925925925928,3,0,3.090909090909091,20,5,4,2,1,0,3,1.0
155,26,5.961538461538462,0.90625,0.28125,32.56400000000002,14.928,19.6,0,0,2.8125,19,1,14,1,0,2,1,1.0
86,13,6.615384615384615,0.8823529411764706,0.2941176470588235,17.932307692307717,13.98769230769231,17.50769230769231,0,0,2.176470588235294,12,2,5,1,0,2,1,3.0
78,12,6.5,1.0,0.25,60.70500000000001,7.773333333333333,11.466666666666669,0,1,3.25,14,2,4,1,0,1,1,1.0
74,16,4.625,0.9411764705882352,0.0,100.7075,3.187500000000004,6.4,0,1,3.235294117647059,15,2,3,3,0,2,1,5.0
87,14,6.214285714285714,0.9411764705882352,0.2352941176470588,29.46785714285716,12.62714285714286,14.171428571428573,0,0,2.7058823529411766,12,2,4,1,0,3,0,3.0
138,23,6.0,1.0,0.1111111111111111,36.35956521739132,13.901739130434787,14.417391304347824,0,0,3.074074074074074,14,2,12,1,1,2,1,3.0
135,24,5.625,0.896551724137931,0.1379310344827586,55.57500000000003,11.470000000000002,14.6,0,0,3.1379310344827585,19,2,8,3,0,4,1,1.0
145,23,6.304347826086956,0.92,0.32,29.003043478260903,14.927826086956523,17.895652173913046,0,1,3.64,23,3,8,2,0,3,2,4.0
145,25,5.8,0.9333333333333332,0.2,34.42500000000004,14.420000000000002,16.26666666666667,0,0,2.933333333333333,15,0,8,2,0,3,0,4.0
82,15,5.466666666666667,0.9411764705882352,0.2352941176470588,67.53000000000003,7.566666666666666,11.333333333333336,0,0,3.0588235294117645,15,3,5,0,0,4,0,3.0
104,15,6.933333333333334,0.9047619047619048,0.2857142857142857,16.77000000000001,14.646666666666672,14.0,0,0,2.8260869565217392,11,2,8,2,0,0,0,1.0
69,13,5.307692307692308,1.0,0.1875,76.50153846153849,5.818461538461541,5.2,0,0,1.8125,5,0,4,1,0,2,0,3.0
156,21,7.428571428571429,0.88,0.4,8.262857142857143,17.323809523809526,19.82857142857143,0,1,3.2,19,3,11,1,0,3,2,4.0
141,24,5.875,0.8846153846153846,0.2692307692307692,30.900000000000038,14.911666666666669,16.26666666666667,1,0,4.384615384615385,24,1,4,6,2,2,2,1.0
169,26,6.5,0.8,0.3,30.76807692307696,15.426923076923078,18.09230769230769,0,0,4.34375,26,5,9,4,2,3,2,4.0
281,43,6.534883720930233,0.7916666666666666,0.3541666666666667,13.66441860465116,22.035813953488372,23.711627906976744,0,0,3.5416666666666665,42,4,16,6,0,7,1,4.0
112,16,7.0,1.0,0.3684210526315789,31.97,12.775000000000002,16.400000000000002,0,0,3.3,18,2,3,3,1,2,0,3.0
302,53,5.69811320754717,0.65625,0.1875,52.58012820512823,10.23153846153846,11.548717948717949,0,1,4.8088235294117645,34,3,21,4,0,9,2,2.0
129,19,6.789473684210527,0.9523809523809524,0.3333333333333333,13.897368421052647,16.04105263157895,16.02105263157895,0,0,2.619047619047619,16,1,9,2,0,2,1,5.0
118,22,5.363636363636363,0.9583333333333334,0.1666666666666666,49.91409090909093,11.762727272727272,16.072727272727274,0,0,3.0416666666666665,22,1,8,3,0,5,0,5.0
125,23,5.434782608695652,0.8,0.24,47.39434782608697,12.362608695652174,17.895652173913046,0,0,2.44,14,1,9,1,0,4,0,3.0
113,21,5.380952380952381,0.8260869565217391,0.1304347826086956,84.8057142857143,6.647619047619049,8.4,0,0,2.3043478260869565,14,2,5,3,1,5,1,4.0
177,33,5.363636363636363,0.9,0.125,55.38625000000003,13.48375,15.3,0,0,3.575,26,3,12,1,1,5,0,1.0
61,11,5.545454545454546,1.0,0.1666666666666666,72.61545454545457,5.863636363636363,8.036363636363637,0,0,2.4166666666666665,10,2,2,1,0,0,2,4.0
118,22,5.363636363636363,0.8620689655172413,0.1034482758620689,72.9868181818182,8.544545454545453,10.61818181818182,2,0,3.655172413793104,25,2,3,2,2,2,3,3.0
97,18,5.388888888888889,0.9523809523809524,0.1904761904761904,45.26235294117649,11.16941176470588,13.858823529411763,0,0,2.619047619047619,10,0,6,1,0,2,0,5.0
167,26,6.423076923076923,0.90625,0.25,30.76807692307696,15.426923076923078,15.015384615384615,0,0,3.5,15,2,13,3,0,2,1,4.0
98,19,5.157894736842105,0.9545454545454546,0.1363636363636363,58.42368421052632,9.830526315789475,9.705263157894738,0,0,2.4545454545454546,9,1,4,5,0,3,1,3.0
79,12,6.583333333333333,1.0,0.25,60.70500000000001,7.773333333333333,11.466666666666669,0,0,2.5625,11,1,6,0,0,2,0,1.0
199,39,5.102564102564102,0.7727272727272727,0.0909090909090909,56.61923076923078,15.05076923076923,15.6,0,1,3.911111111111111,24,6,8,4,2,5,2,5.0
136,24,5.666666666666667,0.8620689655172413,0.2413793103448276,59.10000000000004,10.978333333333332,14.6,0,0,3.2413793103448274,22,3,5,4,0,3,1,5.0
127,20,6.35,0.7727272727272727,0.3636363636363636,25.795000000000044,14.630000000000004,20.0,0,1,3.4782608695652173,21,1,7,1,1,3,3,2.0
119,22,5.409090909090909,0.925925925925926,0.1481481481481481,64.66285714285716,9.45714285714286,12.20952380952381,0,0,3.6666666666666665,15,0,9,0,0,4,0,2.0
177,28,6.321428571428571,0.7272727272727273,0.2727272727272727,30.36500000000004,15.98,19.77142857142857,0,1,4.885714285714286,30,1,12,2,0,6,2,2.0
80,14,5.714285714285714,0.9375,0.25,59.68214285714288,8.412857142857145,11.314285714285717,0,0,2.3125,9,1,5,2,0,3,0,5.0
155,28,5.535714285714286,0.8666666666666667,0.2,63.600714285714304,11.344285714285714,15.485714285714288,0,1,3.4,19,3,11,0,1,6,1,3.0
121,21,5.761904761904762,0.9565217391304348,0.217391304347826,64.66285714285716,9.45714285714286,14.114285714285714,0,1,2.96,17,4,7,2,0,3,2,5.0
77,14,5.5,0.9473684210526316,0.1578947368421052,50.470769230769264,9.44923076923077,8.276923076923078,0,0,3.2,12,0,8,0,0,0,0,3.0
117,17,6.882352941176471,0.9523809523809524,0.3333333333333333,15.403529411764737,15.334117647058822,16.211764705882356,0,0,2.380952380952381,9,1,7,3,0,1,0,3.0
210,36,5.833333333333333,0.7441860465116279,0.2325581395348837,38.69500000000002,16.80555555555556,19.95555555555556,1,0,3.232558139534884,36,3,11,2,0,5,1,2.0
78,12,6.5,0.9411764705882352,0.2352941176470588,32.504999999999995,11.706666666666669,14.8,0,0,3.0,11,0,5,1,0,0,0,4.0
119,20,5.95,0.8571428571428571,0.2857142857142857,40.17500000000001,10.140000000000004,16.0,0,1,4.0,21,2,8,2,0,3,1,1.0
236,34,6.941176470588236,0.6578947368421053,0.4736842105263157,25.35647058823531,13.945882352941176,13.858823529411763,0,0,3.333333333333333,39,1,24,2,0,4,3,2.0
162,25,6.48,0.8125,0.3125,56.24866666666668,7.484000000000002,8.133333333333335,0,0,3.6875,19,1,13,2,0,3,1,2.0
90,16,5.625,0.8888888888888888,0.2222222222222222,58.4075,9.087500000000002,13.9,0,0,3.263157894736842,15,1,4,1,0,3,1,4.0
106,19,5.578947368421052,1.0,0.1428571428571428,53.97105263157897,10.451578947368422,11.810526315789474,0,1,3.2857142857142856,19,3,8,1,0,2,1,1.0
176,29,6.068965517241379,0.9142857142857144,0.2571428571428571,21.30071428571432,17.244285714285713,16.914285714285715,0,0,3.4285714285714284,21,1,11,3,0,4,1,5.0
177,32,5.53125,0.7647058823529411,0.1764705882352941,47.45500000000003,14.590000000000003,19.05,0,2,4.205882352941177,30,3,10,0,2,7,2,5.0
107,17,6.294117647058823,1.0,0.1428571428571428,75.12117647058825,7.004705882352944,9.15294117647059,0,0,2.6,12,1,9,1,0,2,0,2.0
98,18,5.444444444444445,0.85,0.15,61.665000000000006,9.130000000000004,11.644444444444446,0,0,2.772727272727273,20,2,6,1,1,4,1,1.0
82,13,6.307692307692308,0.9444444444444444,0.2222222222222222,37.455384615384645,11.264615384615386,5.2,0,0,2.833333333333333,12,1,7,1,0,0,0,3.0
84,15,5.6,0.9473684210526316,0.1578947368421052,67.53000000000003,7.566666666666666,8.666666666666668,0,1,4.4,18,1,4,1,1,2,2,3.0
64,10,6.4,1.0,0.25,44.405,9.55,12.0,0,0,1.6666666666666667,4,1,4,0,0,2,0,2.0
159,24,6.625,0.9655172413793104,0.2413793103448276,27.37500000000003,15.403333333333332,16.26666666666667,0,0,3.5517241379310347,14,1,13,2,0,3,1,2.0
244,34,7.176470588235294,0.6829268292682927,0.3414634146341463,23.030882352941205,18.493529411764708,23.01176470588236,0,2,3.8372093023255816,41,4,12,0,1,5,2,5.0
80,14,5.714285714285714,1.0,0.2666666666666666,59.68214285714288,8.412857142857145,8.457142857142857,0,1,2.8666666666666667,13,3,6,0,0,2,1,5.0
124,19,6.526315789473684,0.7692307692307693,0.3076923076923077,33.465,13.063333333333333,11.644444444444446,0,1,3.1153846153846154,12,2,7,1,0,2,2,5.0
73,13,5.615384615384615,1.0,0.0666666666666666,63.57596153846157,6.006538461538462,5.676923076923078,0,0,3.0625,14,2,9,0,0,2,0,3.0
35,5,7.0,1.0,0.3333333333333333,200.0,20.0,20.0,0,0,1.8333333333333333,4,2,2,0,0,0,0,5.0
102,17,6.0,0.8947368421052632,0.2631578947368421,45.26235294117649,11.16941176470588,13.858823529411763,0,1,3.1052631578947367,14,4,5,1,1,0,1,1.0
150,25,6.0,0.8,0.2,42.71600000000004,13.512,19.6,0,0,3.342857142857143,21,2,12,1,0,2,1,4.0
50,10,5.0,1.0,0.0833333333333333,86.70500000000001,3.650000000000002,4.0,0,0,2.083333333333333,8,1,3,0,0,2,1,1.0
121,22,5.5,0.8620689655172413,0.1379310344827586,56.6057142857143,10.58095238095238,10.304761904761904,0,0,3.034482758620689,12,0,8,1,0,3,0,1.0
225,35,6.428571428571429,0.926829268292683,0.2682926829268293,16.612857142857166,19.63714285714286,23.142857142857142,0,1,3.767441860465116,40,3,14,4,0,4,3,5.0
84,14,6.0,0.9333333333333332,0.2666666666666666,47.59642857142859,10.098571428571429,8.457142857142857,0,0,2.466666666666667,7,2,3,2,3,1,0,4.0
71,11,6.454545454545454,0.9166666666666666,0.25,34.160909090909115,11.22727272727273,11.672727272727274,0,0,2.333333333333333,9,2,5,0,0,2,0,4.0
118,21,5.619047619047619,0.9090909090909092,0.1818181818181818,64.66285714285716,9.45714285714286,10.304761904761904,0,1,3.0454545454545454,19,2,8,1,1,4,1,3.0
234,40,5.85,0.7391304347826086,0.1956521739130435,22.41500000000002,20.070000000000004,23.0,0,1,5.304347826086956,34,1,16,2,1,10,1,3.0
74,13,5.6923076923076925,0.875,0.1875,63.486153846153854,7.633846153846157,8.276923076923078,1,0,2.611111111111111,11,1,5,1,1,1,1,5.0
299,49,6.1020408163265305,0.7924528301886793,0.2830188679245283,36.59544217687079,12.212653061224492,13.063945578231293,0,0,3.0727272727272728,30,5,21,3,1,10,1,4.0
88,15,5.866666666666666,0.95,0.2,47.59642857142859,10.098571428571429,8.457142857142857,0,0,3.1,12,0,6,1,0,0,1,3.0
126,24,5.25,0.896551724137931,0.1379310344827586,81.13641304347829,4.799347826086958,9.817391304347826,0,0,3.033333333333333,15,0,9,1,0,4,0,2.0
115,18,6.388888888888889,0.9047619047619048,0.238095238095238,47.565,11.096666666666668,13.866666666666667,0,0,2.8260869565217392,20,1,10,1,0,1,2,2.0
95,16,5.9375,1.0,0.1578947368421052,53.120000000000005,9.825,11.4,0,1,2.473684210526316,16,3,4,0,2,3,1,3.0
189,29,6.517241379310345,0.8387096774193549,0.4516129032258064,5.282758620689691,19.72689655172413,24.01379310344828,0,2,3.838709677419355,29,2,7,5,1,6,2,3.0
107,17,6.294117647058823,0.7894736842105263,0.3684210526315789,50.2388235294118,10.47529411764706,16.211764705882356,0,0,2.1904761904761907,12,2,4,4,0,5,0,5.0
57,10,5.7,1.0,0.2142857142857142,35.94500000000002,10.73,8.0,0,0,2.571428571428572,8,1,4,1,0,0,0,5.0
74,11,6.727272727272728,0.9285714285714286,0.2142857142857142,41.8518181818182,10.154545454545456,15.30909090909091,0,0,2.0,11,1,5,1,0,2,0,2.0
53,9,5.888888888888889,1.0,0.3,66.10000000000002,6.27555555555556,12.488888888888887,0,0,2.3,8,1,3,0,0,2,0,4.0
106,20,5.3,0.9523809523809524,0.1904761904761904,68.09500000000004,8.73,12.0,1,0,2.952380952380953,17,1,6,1,1,3,1,2.0
88,13,6.769230769230769,0.9375,0.3125,50.470769230769264,9.44923076923077,11.353846153846156,0,0,2.7,13,2,5,0,1,2,0,4.0
126,22,5.727272727272728,0.92,0.2,65.29590909090909,9.61727272727273,12.436363636363636,0,0,3.64,21,3,7,2,1,4,1,4.0
88,16,5.5,0.9411764705882352,0.2941176470588235,68.9825,7.612500000000001,8.9,0,0,2.7058823529411766,13,1,4,2,0,2,2,3.0
325,51,6.372549019607843,0.6949152542372882,0.288135593220339,-5.835882352941127,26.743137254901963,30.596078431372547,0,0,6.711864406779661,57,2,20,4,3,10,1,1.0
65,13,5.0,0.9285714285714286,0.1428571428571428,76.50153846153849,5.818461538461541,8.276923076923078,0,0,2.2857142857142856,10,1,3,1,1,3,0,1.0
102,17,6.0,0.9047619047619048,0.1428571428571428,70.14470588235295,7.698823529411765,9.15294117647059,0,0,2.7142857142857144,16,2,5,1,2,2,2,3.0
119,19,6.2631578947368425,0.9545454545454546,0.2727272727272727,45.80302631578948,9.230789473684217,12.22105263157895,0,0,2.5,19,1,9,3,0,2,1,5.0
84,14,6.0,0.9411764705882352,0.1764705882352941,66.7871428571429,5.682857142857145,8.514285714285714,0,1,3.294117647058824,15,2,7,1,0,2,1,4.0
113,20,5.65,0.8181818181818182,0.3181818181818182,42.71500000000003,12.270000000000003,18.0,0,0,2.363636363636364,12,3,6,0,1,3,1,1.0
40,8,5.0,1.0,0.1111111111111111,61.24000000000001,6.705000000000002,8.200000000000001,0,0,2.0,7,0,2,1,0,1,0,4.0
130,18,7.222222222222222,0.8461538461538461,0.2307692307692307,28.76500000000001,13.718888888888891,16.08888888888889,0,0,3.4,16,0,11,1,0,0,1,1.0
213,36,5.916666666666667,0.7872340425531915,0.1914893617021276,33.99500000000003,17.461111111111112,17.733333333333334,0,0,3.375,25,2,17,3,1,3,2,1.0
183,34,5.382352941176471,0.8,0.2,65.16823529411766,8.39294117647059,10.329411764705885,0,0,3.268292682926829,17,2,10,4,1,6,1,1.0
156,28,5.571428571428571,0.9696969696969696,0.1818181818181818,45.4721428571429,13.872857142857146,14.05714285714286,0,0,3.303030303030303,22,2,12,2,0,3,1,5.0
67,13,5.153846153846154,1.0,0.125,60.70500000000001,7.773333333333333,8.133333333333335,0,0,3.4375,10,0,4,1,0,0,0,2.0
99,16,6.1875,0.9523809523809524,0.238095238095238,22.410000000000025,13.860000000000005,14.0,0,0,3.2857142857142856,12,0,6,3,0,0,0,4.0
278,44,6.318181818181818,0.84,0.28,14.125000000000028,22.22,25.78181818181818,0,1,3.576923076923077,38,4,17,1,1,10,2,5.0
118,20,5.9,0.9166666666666666,0.2083333333333333,59.63500000000003,9.910000000000004,12.0,0,0,2.458333333333333,15,2,7,0,0,4,0,5.0
160,26,6.153846153846154,0.8571428571428571,0.3214285714285714,24.26038461538465,16.334615384615386,21.16923076923077,0,0,2.9285714285714284,16,2,5,6,1,4,1,5.0
179,25,7.16,0.8620689655172413,0.3793103448275862,21.563500000000005,13.357000000000005,14.6,0,0,3.4838709677419355,27,4,10,4,0,3,0,5.0
78,12,6.5,0.7692307692307693,0.3076923076923077,18.405,13.673333333333336,18.133333333333336,0,0,2.6153846153846154,10,1,6,0,1,0,1,5.0
185,30,6.166666666666667,0.8484848484848485,0.2424242424242424,32.565000000000026,16.170000000000005,18.666666666666668,0,0,2.8484848484848486,31,3,13,2,1,5,0,3.0
169,32,5.28125,0.8333333333333334,0.1944444444444444,44.81125000000003,14.958750000000002,19.05,0,1,4.222222222222222,34,3,11,2,1,5,1,4.0
134,26,5.153846153846154,0.8387096774193549,0.0967741935483871,66.56038461538463,10.434615384615388,13.47692307692308,0,0,3.225806451612903,20,1,13,0,0,4,2,5.0
67,12,5.583333333333333,1.0,0.2142857142857142,67.75500000000001,6.790000000000003,8.133333333333335,0,0,2.571428571428572,11,2,3,1,2,2,0,4.0
193,33,5.848484848484849,0.8285714285714286,0.1714285714285714,50.28545454545456,14.443636363636363,15.624242424242423,0,1,3.324324324324324,32,3,14,3,0,7,3,3.0
251,39,6.435897435897436,0.6590909090909091,0.3409090909090909,21.91153846153847,19.891794871794875,22.77948717948718,0,1,3.636363636363636,29,1,25,1,0,4,2,3.0
290,45,6.444444444444445,0.7321428571428571,0.2857142857142857,30.686818181818182,14.44454545454546,16.072727272727274,0,0,4.551724137931035,43,1,22,3,1,5,1,4.0
259,36,7.194444444444445,0.8,0.375,-13.004999999999969,24.01666666666667,28.84444444444445,0,1,3.119047619047619,28,2,15,3,2,8,2,1.0
175,28,6.25,0.7777777777777778,0.2777777777777778,48.49357142857144,13.451428571428576,18.342857142857145,0,0,2.638888888888889,22,1,13,3,0,5,2,3.0
71,12,5.916666666666667,1.0,0.1875,53.655,8.756666666666668,4.800000000000001,0,0,2.5625,8,1,5,1,0,0,1,1.0
152,24,6.333333333333333,0.896551724137931,0.3103448275862069,41.47500000000002,13.436666666666667,14.6,0,2,3.5517241379310347,24,3,10,0,1,5,2,1.0
216,32,6.75,0.8974358974358975,0.282051282051282,21.01750000000004,18.277500000000007,20.3,0,0,3.024390243902439,19,1,16,2,2,4,0,1.0
115,16,7.1875,0.9444444444444444,0.3888888888888889,10.820000000000022,15.725000000000003,21.4,0,0,3.333333333333333,16,3,6,2,0,3,0,5.0
83,13,6.384615384615385,0.8666666666666667,0.3333333333333333,50.470769230769264,9.44923076923077,14.430769230769233,1,0,2.333333333333333,8,3,2,1,1,1,1,3.0
57,10,5.7,1.0,0.1666666666666666,27.485000000000014,11.91,4.0,0,0,2.4166666666666665,9,0,3,2,1,0,0,1.0
214,35,6.114285714285714,0.8780487804878049,0.2195121951219512,33.532857142857154,17.27714285714286,19.714285714285715,0,1,4.697674418604652,40,4,13,3,3,6,1,3.0
39,8,4.875,1.0,0.0,92.965,2.280000000000001,3.2,0,0,2.333333333333333,7,1,2,0,0,2,0,4.0
131,23,5.695652173913044,0.96,0.2,51.07260869565218,11.849565217391303,14.417391304347824,1,0,3.48,22,4,3,0,3,1,2,2.0
234,41,5.7073170731707314,0.6382978723404256,0.1702127659574468,37.28829268292687,18.243902439024392,22.25365853658537,0,1,3.914893617021277,36,3,19,1,1,7,2,4.0
111,21,5.285714285714286,0.9166666666666666,0.2083333333333333,68.69142857142859,8.895238095238096,10.304761904761904,0,0,2.7916666666666665,14,2,6,1,0,3,1,4.0
143,23,6.217391304347826,1.0,0.2592592592592592,29.003043478260903,14.927826086956523,14.417391304347824,0,0,2.925925925925926,16,3,7,5,1,2,1,5.0
83,14,5.928571428571429,0.9473684210526316,0.1578947368421052,50.470769230769264,9.44923076923077,11.353846153846156,0,0,3.3684210526315788,12,0,5,2,0,0,0,2.0
242,36,6.722222222222222,0.7555555555555555,0.3111111111111111,28.76500000000001,13.718888888888891,17.2,0,2,3.282608695652174,28,5,14,4,1,4,2,4.0
123,21,5.857142857142857,0.8636363636363636,0.2272727272727272,48.54857142857145,11.704761904761906,16.019047619047623,0,0,3.772727272727273,20,0,8,2,0,2,3,4.0
150,23,6.521739130434782,0.9310344827586208,0.2068965517241379,51.07260869565218,11.849565217391303,14.417391304347824,1,0,2.862068965517241,14,1,10,1,1,4,1,2.0
49,10,4.9,0.9230769230769232,0.0769230769230769,95.165,2.4700000000000024,4.0,0,0,3.0,11,1,3,0,1,1,1,2.0
167,26,6.423076923076923,0.8787878787878788,0.1818181818181818,40.52961538461543,14.065384615384616,15.015384615384615,0,0,3.363636363636364,28,2,15,1,0,2,2,4.0
76,16,4.75,0.8888888888888888,0.1111111111111111,90.1325,4.662500000000001,6.4,0,1,3.555555555555556,16,2,3,1,0,3,1,2.0
151,25,6.04,0.8125,0.25,49.48400000000001,12.568,13.2,0,1,5.722222222222222,34,4,12,0,2,3,1,4.0
61,12,5.083333333333333,1.0,0.1428571428571428,74.805,5.806666666666668,8.133333333333335,0,1,2.2857142857142856,7,2,2,1,0,2,1,4.0
160,23,6.956521739130435,0.7714285714285715,0.3142857142857143,7.614090909090919,17.66272727272727,23.345454545454547,0,0,2.8857142857142857,20,0,13,1,0,0,1,5.0
213,35,6.085714285714285,0.9230769230769232,0.2307692307692307,53.712500000000034,10.115000000000002,12.714285714285715,0,0,3.05,38,4,17,2,0,5,0,1.0
153,25,6.12,0.8888888888888888,0.2962962962962963,29.180000000000007,15.400000000000002,21.200000000000003,0,0,2.703703703703704,25,3,8,2,1,5,0,4.0
157,25,6.28,0.8709677419354839,0.2903225806451613,29.180000000000007,15.400000000000002,13.2,0,0,3.774193548387097,16,1,13,1,0,2,1,3.0
107,19,5.631578947368421,1.0,0.238095238095238,67.32894736842107,8.588421052631581,9.705263157894738,0,1,3.7142857142857135,19,3,6,0,0,4,1,1.0
